MeetingID,ModuleID,RoomID,StartDate,EndDate
2,1,12,2023-05-08 16:30,2023-05-08 17:15
4,2,16,2023-05-08 09:00,2023-05-08 09:45
7,3,19,2023-05-08 11:15,2023-05-08 12:00
9,3,18,2023-05-08 09:45,2023-05-08 10:30
11,4,15,2023-05-08 14:00,2023-05-08 15:30
14,5,19,2023-05-01 12:30,2023-05-01 13:15
16,5,17,2023-05-01 13:15,2023-05-01 14:15
20,7,17,2023-04-25 14:15,2023-04-25 15:45
21,7,16,2023-04-25 10:00,2023-04-25 10:45
22,8,39,2023-07-19 10:15,2023-07-19 11:45
23,8,37,2023-07-19 17:45,2023-07-19 19:15
41,14,38,2022-08-11 11:00,2022-08-11 12:00
42,14,39,2022-08-11 08:15,2022-08-11 09:00
43,14,31,2022-08-11 14:00,2022-08-11 15:30
44,14,31,2022-08-11 12:15,2022-08-11 13:45
49,17,32,2022-08-18 10:00,2022-08-18 11:30
50,17,40,2022-08-18 17:30,2022-08-18 18:15
52,18,38,2022-08-17 12:15,2022-08-17 13:45
63,22,68,2025-06-09 16:15,2025-06-09 17:00
64,22,66,2025-06-09 12:30,2025-06-09 13:15
65,22,62,2025-06-09 08:30,2025-06-09 09:30
66,23,65,2025-06-12 16:30,2025-06-12 17:15
67,23,65,2025-06-12 12:00,2025-06-12 12:45
69,24,97,2023-05-29 09:00,2023-05-29 09:45
71,24,97,2023-05-29 11:30,2023-05-29 12:15
76,26,92,2023-06-05 13:30,2023-06-05 14:15
78,26,91,2023-06-05 14:45,2023-06-05 15:45
79,27,96,2023-06-05 16:00,2023-06-05 17:00
80,27,93,2023-06-05 08:15,2023-06-05 09:15
81,27,93,2023-06-05 13:45,2023-06-05 15:15
82,28,91,2023-06-05 11:00,2023-06-05 12:00
83,28,92,2023-06-05 12:00,2023-06-05 13:30
84,28,100,2023-06-05 14:45,2023-06-05 16:15
85,28,94,2023-06-05 10:00,2023-06-05 10:45
106,35,24,2024-10-21 10:15,2024-10-21 11:00
110,37,67,2021-12-27 14:00,2021-12-27 15:30
112,38,67,2022-01-03 11:30,2022-01-03 12:30
113,38,62,2022-01-03 16:00,2022-01-03 17:30
114,38,64,2022-01-03 17:45,2022-01-03 18:30
117,40,63,2021-12-21 12:00,2021-12-21 12:45
118,40,62,2021-12-21 13:15,2021-12-21 14:15
119,40,62,2021-12-21 09:00,2021-12-21 10:30
126,43,43,2021-07-05 17:15,2021-07-05 18:45
127,43,50,2021-07-05 10:00,2021-07-05 11:00
128,43,47,2021-07-05 14:00,2021-07-05 14:45
133,45,45,2021-07-08 13:00,2021-07-08 14:30
138,47,43,2021-06-28 16:45,2021-06-28 17:45
139,47,50,2021-06-28 08:30,2021-06-28 09:15
144,49,45,2021-06-24 16:30,2021-06-24 17:30
145,49,50,2021-06-24 10:00,2021-06-24 11:30
146,49,48,2021-06-24 12:15,2021-06-24 13:00
147,50,46,2025-12-09 13:30,2025-12-09 14:30
148,50,47,2025-12-09 12:00,2025-12-09 13:30
149,50,46,2025-12-09 16:00,2025-12-09 17:00
150,50,44,2025-12-09 08:15,2025-12-09 09:15
152,51,49,2025-12-04 12:45,2025-12-04 13:30
160,54,46,2025-12-09 08:30,2025-12-09 09:30
162,54,43,2025-12-09 10:15,2025-12-09 11:15
164,55,43,2025-12-11 14:15,2025-12-11 15:00
170,57,50,2025-12-15 13:15,2025-12-15 14:15
178,60,97,2023-09-18 17:30,2023-09-18 19:00
179,60,97,2023-09-18 11:30,2023-09-18 13:00
180,60,93,2023-09-18 10:45,2023-09-18 11:30
183,62,91,2023-09-12 16:00,2023-09-12 16:45
184,62,98,2023-09-12 14:00,2023-09-12 14:45
185,62,95,2023-09-12 12:15,2023-09-12 13:45
192,65,99,2024-09-19 09:00,2024-09-19 10:30
194,65,95,2024-09-19 12:30,2024-09-19 13:15
199,67,97,2024-09-23 15:30,2024-09-23 16:30
200,68,95,2024-09-26 10:00,2024-09-26 11:00
201,68,100,2024-09-26 15:15,2024-09-26 16:45
202,68,98,2024-09-26 08:00,2024-09-26 08:45
203,68,95,2024-09-26 13:00,2024-09-26 14:00
220,75,68,2025-01-15 13:00,2025-01-15 14:30
223,76,68,2025-01-14 12:30,2025-01-14 13:15
225,77,67,2025-01-15 17:30,2025-01-15 18:30
227,77,61,2025-01-15 14:15,2025-01-15 15:00
228,78,63,2025-01-13 08:00,2025-01-13 08:45
229,78,62,2025-01-13 15:45,2025-01-13 16:30
230,78,65,2025-01-13 10:00,2025-01-13 11:30
249,86,7,2024-01-22 17:45,2024-01-22 19:15
250,86,6,2024-01-22 15:00,2024-01-22 15:45
251,86,5,2024-01-22 08:15,2024-01-22 09:00
252,86,8,2024-01-22 12:45,2024-01-22 13:45
260,89,52,2024-03-11 16:45,2024-03-11 17:45
269,92,54,2024-03-11 11:45,2024-03-11 12:30
272,93,57,2024-03-21 12:00,2024-03-21 12:45
275,95,99,2021-06-29 14:45,2021-06-29 15:45
276,95,97,2021-06-29 17:15,2021-06-29 18:15
277,95,94,2021-06-29 12:15,2021-06-29 13:45
278,95,96,2021-06-29 09:15,2021-06-29 10:15
281,97,94,2021-07-05 17:00,2021-07-05 18:30
282,97,99,2021-07-05 15:00,2021-07-05 15:45
283,97,93,2021-07-05 11:15,2021-07-05 12:00
284,97,98,2021-07-05 08:45,2021-07-05 09:30
291,100,51,2025-04-23 08:45,2025-04-23 09:30
292,100,58,2025-04-23 08:00,2025-04-23 08:45
293,100,56,2025-04-23 16:45,2025-04-23 17:30
298,102,51,2025-05-05 17:00,2025-05-05 17:45
299,102,55,2025-05-05 14:15,2025-05-05 15:15
300,102,53,2025-05-05 11:15,2025-05-05 12:00
301,102,60,2025-05-05 16:15,2025-05-05 17:00
303,103,88,2025-04-28 12:30,2025-04-28 13:15
309,105,85,2025-04-28 16:00,2025-04-28 17:00
310,105,82,2025-04-28 11:00,2025-04-28 12:30
311,105,89,2025-04-28 14:15,2025-04-28 15:45
312,105,85,2025-04-28 08:30,2025-04-28 09:15
316,107,86,2025-04-16 13:30,2025-04-16 15:00
321,110,88,2025-04-21 15:30,2025-04-21 16:15
322,110,89,2025-04-21 08:00,2025-04-21 09:00
323,110,81,2025-04-21 09:00,2025-04-21 10:30
338,116,38,2024-06-10 13:15,2024-06-10 14:00
348,119,35,2024-06-03 17:30,2024-06-03 18:15
349,119,32,2024-06-03 09:15,2024-06-03 10:15
354,121,16,2021-09-08 08:30,2021-09-08 10:00
355,122,15,2021-09-06 13:00,2021-09-06 14:30
356,122,17,2021-09-06 10:30,2021-09-06 11:15
357,122,11,2021-09-06 09:00,2021-09-06 09:45
358,122,19,2021-09-06 17:30,2021-09-06 18:15
364,125,12,2021-09-13 13:30,2021-09-13 14:15
365,125,14,2021-09-13 17:30,2021-09-13 19:00
366,125,18,2021-09-13 15:30,2021-09-13 16:15
368,126,34,2021-10-25 09:45,2021-10-25 11:15
372,128,39,2021-11-01 09:15,2021-11-01 10:00
373,128,31,2021-11-01 17:15,2021-11-01 18:15
374,129,32,2021-11-08 16:45,2021-11-08 18:15
375,129,39,2021-11-08 15:15,2021-11-08 16:00
377,130,40,2021-11-03 15:15,2021-11-03 16:45
379,130,40,2021-11-03 17:15,2021-11-03 18:00
380,131,36,2021-10-25 13:00,2021-10-25 14:30
381,131,35,2021-10-25 14:45,2021-10-25 16:15
382,131,38,2021-10-25 11:45,2021-10-25 12:30
383,131,34,2021-10-25 11:00,2021-10-25 11:45
385,132,35,2021-11-01 11:15,2021-11-01 12:00
387,132,33,2021-11-01 16:00,2021-11-01 17:00
410,140,18,2024-05-07 10:15,2024-05-07 11:15
411,140,18,2024-05-07 14:15,2024-05-07 15:45
412,140,12,2024-05-07 12:00,2024-05-07 13:30
413,140,15,2024-05-07 17:45,2024-05-07 18:45
415,141,46,2025-03-31 09:30,2025-03-31 10:30
417,141,46,2025-03-31 13:45,2025-03-31 14:30
418,142,44,2025-03-31 12:15,2025-03-31 13:00
419,142,41,2025-03-31 10:45,2025-03-31 12:15
420,142,46,2025-03-31 08:30,2025-03-31 09:15
421,143,45,2025-03-25 12:30,2025-03-25 13:15
422,143,41,2025-03-25 14:30,2025-03-25 16:00
423,143,47,2025-03-25 08:30,2025-03-25 09:15
424,144,20,2021-05-25 17:00,2021-05-25 17:45
425,144,13,2021-05-25 15:45,2021-05-25 16:45
426,144,16,2021-05-25 14:15,2021-05-25 15:45
427,144,13,2021-05-25 11:30,2021-05-25 12:15
429,145,12,2021-05-24 08:30,2021-05-24 09:30
431,145,12,2021-05-24 17:15,2021-05-24 18:15
439,148,34,2025-03-24 16:30,2025-03-24 18:00
440,148,34,2025-03-24 15:00,2025-03-24 15:45
441,148,31,2025-03-24 10:30,2025-03-24 12:00
445,150,31,2025-03-31 14:15,2025-03-31 15:00
447,150,39,2025-03-31 15:15,2025-03-31 16:45
451,152,31,2022-10-31 08:15,2022-10-31 09:15
452,152,37,2022-10-31 13:45,2022-10-31 14:30
453,152,31,2022-10-31 11:30,2022-10-31 13:00
458,154,35,2022-11-02 14:15,2022-11-02 15:15
459,154,37,2022-11-02 15:45,2022-11-02 16:30
460,154,32,2022-11-02 12:00,2022-11-02 13:00
462,155,35,2022-11-03 08:30,2022-11-03 10:00
469,157,34,2022-10-24 13:45,2022-10-24 14:30
471,157,38,2022-10-24 16:00,2022-10-24 17:00
472,158,37,2024-01-15 10:30,2024-01-15 12:00
473,158,31,2024-01-15 08:15,2024-01-15 09:15
474,158,36,2024-01-15 17:00,2024-01-15 17:45
475,158,35,2024-01-15 12:45,2024-01-15 14:15
480,160,32,2024-01-18 15:45,2024-01-18 16:45
482,161,32,2024-01-08 12:30,2024-01-08 13:30
483,161,38,2024-01-08 10:30,2024-01-08 11:30
484,161,32,2024-01-08 08:00,2024-01-08 09:30
485,161,31,2024-01-08 15:15,2024-01-08 16:00
486,162,37,2024-01-17 14:15,2024-01-17 15:00
487,162,40,2024-01-17 10:30,2024-01-17 11:15
488,162,37,2024-01-17 09:00,2024-01-17 09:45
490,163,34,2024-01-18 12:15,2024-01-18 13:15
492,164,34,2024-01-18 12:30,2024-01-18 13:30
497,166,48,2022-04-14 15:30,2022-04-14 16:15
498,166,42,2022-04-14 10:15,2022-04-14 11:45
518,174,19,2023-11-01 10:00,2023-11-01 11:30
524,176,11,2023-10-30 11:30,2023-10-30 13:00
526,176,11,2023-10-30 14:00,2023-10-30 15:00
527,177,51,2023-11-20 14:30,2023-11-20 16:00
528,177,58,2023-11-20 08:00,2023-11-20 09:30
530,178,51,2023-11-28 15:30,2023-11-28 16:15
535,180,54,2023-11-28 17:45,2023-11-28 19:15
540,182,57,2023-11-30 08:30,2023-11-30 09:15
541,182,56,2023-11-30 10:45,2023-11-30 12:15
558,188,96,2021-08-16 08:45,2021-08-16 09:30
559,188,94,2021-08-16 17:30,2021-08-16 18:30
560,188,100,2021-08-16 12:15,2021-08-16 13:15
561,188,93,2021-08-16 09:30,2021-08-16 10:15
562,189,83,2024-04-01 10:30,2024-04-01 11:30
563,189,87,2024-04-01 14:30,2024-04-01 16:00
564,189,90,2024-04-01 13:00,2024-04-01 14:00
565,190,87,2024-04-01 08:15,2024-04-01 09:45
566,190,89,2024-04-01 17:15,2024-04-01 18:45
567,190,82,2024-04-01 16:00,2024-04-01 16:45
587,197,51,2025-08-11 17:30,2025-08-11 18:30
588,197,54,2025-08-11 14:30,2025-08-11 15:30
594,199,55,2025-08-11 11:15,2025-08-11 12:45
599,201,55,2025-08-13 08:00,2025-08-13 08:45
601,201,54,2025-08-13 17:45,2025-08-13 18:30
602,202,60,2025-08-04 09:00,2025-08-04 09:45
603,202,58,2025-08-04 15:45,2025-08-04 17:15
604,202,57,2025-08-04 14:15,2025-08-04 15:15
605,202,55,2025-08-04 17:45,2025-08-04 19:15
607,203,60,2025-08-04 11:45,2025-08-04 12:45
609,204,22,2022-11-28 13:45,2022-11-28 15:15
610,204,30,2022-11-28 12:45,2022-11-28 13:45
611,205,30,2022-11-28 14:15,2022-11-28 15:00
612,205,26,2022-11-28 12:45,2022-11-28 13:30
623,209,76,2022-06-06 17:15,2022-06-06 18:15
624,209,72,2022-06-06 15:00,2022-06-06 15:45
625,209,78,2022-06-06 12:15,2022-06-06 13:45
626,209,73,2022-06-06 10:30,2022-06-06 11:30
630,211,75,2022-06-06 16:00,2022-06-06 16:45
631,211,71,2022-06-06 08:00,2022-06-06 09:00
632,211,72,2022-06-06 09:45,2022-06-06 10:30
641,214,16,2023-12-11 11:00,2023-12-11 11:45
642,214,15,2023-12-11 12:00,2023-12-11 13:30
657,219,82,2022-05-30 13:45,2022-05-30 14:30
658,220,89,2022-06-06 15:00,2022-06-06 16:00
659,220,85,2022-06-06 16:45,2022-06-06 17:45
660,220,84,2022-06-06 10:00,2022-06-06 10:45
661,220,84,2022-06-06 08:30,2022-06-06 09:15
662,221,82,2022-05-30 13:45,2022-05-30 15:15
663,221,89,2022-05-30 11:30,2022-05-30 13:00
664,221,83,2022-05-30 09:15,2022-05-30 10:15
665,221,83,2022-05-30 10:15,2022-05-30 11:15
670,223,86,2022-05-31 15:00,2022-05-31 16:00
671,223,85,2022-05-31 16:00,2022-05-31 16:45
672,223,86,2022-05-31 17:30,2022-05-31 18:30
673,223,85,2022-05-31 13:00,2022-05-31 14:00
689,228,2,2022-06-27 14:30,2022-06-27 15:30
690,228,6,2022-06-27 12:45,2022-06-27 13:45
692,229,5,2022-06-27 17:30,2022-06-27 19:00
702,233,9,2021-02-25 15:45,2021-02-25 17:15
703,233,4,2021-02-25 17:45,2021-02-25 18:30
704,233,7,2021-02-25 09:00,2021-02-25 10:00
713,236,90,2022-08-25 11:30,2022-08-25 12:30
714,237,90,2022-08-15 14:00,2022-08-15 15:30
715,237,81,2022-08-15 16:45,2022-08-15 17:45
716,238,88,2022-08-15 10:00,2022-08-15 11:00
717,238,90,2022-08-15 14:00,2022-08-15 15:30
718,238,89,2022-08-15 15:30,2022-08-15 17:00
731,242,89,2022-08-15 08:30,2022-08-15 10:00
741,246,78,2023-01-02 14:00,2023-01-02 15:30
743,246,76,2023-01-02 16:30,2023-01-02 17:15
745,247,73,2022-12-26 16:45,2022-12-26 17:30
747,247,74,2022-12-26 10:15,2022-12-26 11:00
752,249,79,2023-01-02 16:15,2023-01-02 17:15
753,249,77,2023-01-02 10:00,2023-01-02 10:45
754,250,64,2023-04-26 11:30,2023-04-26 12:30
755,250,67,2023-04-26 10:15,2023-04-26 11:00
756,250,64,2023-04-26 14:45,2023-04-26 16:15
758,251,64,2023-05-02 09:00,2023-05-02 09:45
761,252,70,2023-04-19 16:30,2023-04-19 17:15
763,253,64,2023-05-01 11:00,2023-05-01 12:30
764,253,65,2023-05-01 09:15,2023-05-01 10:45
765,253,62,2023-05-01 15:00,2023-05-01 16:30
769,255,63,2023-04-19 09:45,2023-04-19 10:45
771,255,63,2023-04-19 09:00,2023-04-19 09:45
773,256,6,2021-07-05 10:30,2021-07-05 11:30
775,256,6,2021-07-05 16:15,2021-07-05 17:00
777,257,5,2021-07-05 10:30,2021-07-05 12:00
779,257,9,2021-07-05 08:45,2021-07-05 09:30
789,261,2,2021-06-24 16:15,2021-06-24 17:15
790,261,2,2021-06-24 14:00,2021-06-24 15:00
792,262,10,2021-07-01 12:30,2021-07-01 14:00
794,262,9,2021-07-01 10:45,2021-07-01 11:30
796,263,7,2021-06-24 12:30,2021-06-24 14:00
802,266,89,2021-03-24 17:15,2021-03-24 18:00
803,266,82,2021-03-24 11:30,2021-03-24 12:30
804,266,84,2021-03-24 08:45,2021-03-24 10:15
805,266,89,2021-03-24 10:15,2021-03-24 11:15
807,267,83,2021-03-25 16:45,2021-03-25 18:15
810,268,87,2021-03-29 14:45,2021-03-29 15:45
818,271,90,2021-04-07 15:00,2021-04-07 16:00
820,272,5,2023-03-09 12:00,2023-03-09 13:30
826,275,2,2023-03-09 15:45,2023-03-09 17:15
827,275,5,2023-03-09 09:45,2023-03-09 10:30
828,275,4,2023-03-09 17:15,2023-03-09 18:45
834,278,40,2021-06-07 14:00,2021-06-07 15:30
835,278,38,2021-06-07 11:30,2021-06-07 12:30
836,278,38,2021-06-07 16:30,2021-06-07 17:15
841,280,34,2024-03-25 09:00,2024-03-25 09:45
842,280,37,2024-03-25 10:00,2024-03-25 11:00
846,282,31,2024-03-19 08:15,2024-03-19 09:45
847,282,33,2024-03-19 10:15,2024-03-19 11:00
848,283,61,2022-08-08 14:15,2022-08-08 15:15
849,283,66,2022-08-08 09:30,2022-08-08 10:30
850,283,61,2022-08-08 11:15,2022-08-08 12:45
851,283,64,2022-08-08 08:15,2022-08-08 09:15
852,284,62,2022-08-18 17:00,2022-08-18 17:45
853,284,65,2022-08-18 15:45,2022-08-18 16:30
854,284,61,2022-08-18 08:45,2022-08-18 10:15
855,284,70,2022-08-18 14:15,2022-08-18 15:00
861,286,69,2022-08-11 17:45,2022-08-11 18:45
865,288,63,2022-08-15 11:30,2022-08-15 12:30
866,288,64,2022-08-15 10:00,2022-08-15 10:45
867,288,68,2022-08-15 14:45,2022-08-15 16:15
869,289,69,2022-08-09 17:15,2022-08-09 18:45
871,290,70,2022-08-08 12:45,2022-08-08 13:45
873,290,70,2022-08-08 15:30,2022-08-08 17:00
881,294,16,2021-09-13 12:30,2021-09-13 13:30
882,294,16,2021-09-13 14:30,2021-09-13 15:30
883,294,17,2021-09-13 17:45,2021-09-13 19:15
886,296,15,2021-09-08 09:00,2021-09-08 09:45
887,296,18,2021-09-08 15:45,2021-09-08 16:30
888,296,20,2021-09-08 13:30,2021-09-08 15:00
889,296,12,2021-09-08 12:00,2021-09-08 12:45
890,297,40,2022-06-28 16:15,2022-06-28 17:00
891,297,35,2022-06-28 08:00,2022-06-28 09:30
892,297,31,2022-06-28 17:45,2022-06-28 19:15
893,297,31,2022-06-28 13:15,2022-06-28 14:45
897,299,34,2022-07-06 13:45,2022-07-06 14:45
898,299,36,2022-07-06 10:00,2022-07-06 11:00
899,299,32,2022-07-06 12:30,2022-07-06 13:30
900,299,33,2022-07-06 15:45,2022-07-06 16:30
901,300,40,2022-06-30 17:30,2022-06-30 18:15
902,300,34,2022-06-30 12:45,2022-06-30 14:15
909,303,40,2022-06-27 15:00,2022-06-27 16:00
910,304,68,2023-01-24 11:00,2023-01-24 11:45
911,304,66,2023-01-24 16:30,2023-01-24 17:15
919,307,64,2023-01-26 10:15,2023-01-26 11:15
920,308,69,2023-01-30 11:15,2023-01-30 12:15
921,308,61,2023-01-30 16:00,2023-01-30 17:30
922,308,64,2023-01-30 09:45,2023-01-30 10:30
923,308,65,2023-01-30 13:15,2023-01-30 14:45
925,309,70,2023-01-19 17:00,2023-01-19 18:30
927,309,69,2023-01-19 08:45,2023-01-19 09:30
932,312,76,2021-04-12 08:15,2021-04-12 09:00
933,312,80,2021-04-12 09:30,2021-04-12 10:30
934,312,72,2021-04-12 11:00,2021-04-12 11:45
935,313,79,2021-04-05 11:00,2021-04-05 12:30
936,313,71,2021-04-05 08:45,2021-04-05 09:30
937,313,76,2021-04-05 16:15,2021-04-05 17:45
939,314,78,2021-04-13 14:45,2021-04-13 15:30
945,317,70,2025-02-17 17:45,2025-02-17 19:15
946,317,66,2025-02-17 13:15,2025-02-17 14:45
947,317,63,2025-02-17 15:45,2025-02-17 17:15
956,320,59,2024-02-19 13:00,2024-02-19 14:00
959,321,58,2024-02-21 13:00,2024-02-21 14:00
961,321,56,2024-02-21 08:00,2024-02-21 09:30
962,322,58,2024-02-19 11:00,2024-02-19 11:45
963,322,54,2024-02-19 09:15,2024-02-19 10:15
964,322,51,2024-02-19 15:30,2024-02-19 17:00
966,323,55,2024-02-21 12:45,2024-02-21 13:30
968,323,55,2024-02-21 10:45,2024-02-21 11:30
970,324,54,2024-02-13 09:45,2024-02-13 10:30
972,324,52,2024-02-13 08:15,2024-02-13 09:45
974,325,51,2024-02-12 15:45,2024-02-12 17:15
976,325,58,2024-02-12 10:45,2024-02-12 11:45
977,326,56,2024-02-26 14:00,2024-02-26 15:30
978,326,52,2024-02-26 11:30,2024-02-26 12:30
979,326,52,2024-02-26 12:30,2024-02-26 13:15
984,328,45,2025-12-17 11:15,2025-12-17 12:45
985,328,43,2025-12-17 13:00,2025-12-17 13:45
986,328,41,2025-12-17 16:30,2025-12-17 17:15
987,328,47,2025-12-17 14:00,2025-12-17 14:45
990,330,43,2025-12-29 14:00,2025-12-29 14:45
991,330,43,2025-12-29 17:15,2025-12-29 18:45
999,333,35,2024-02-26 10:15,2024-02-26 11:00
1000,333,34,2024-02-26 12:15,2024-02-26 13:15
1002,334,38,2024-02-19 13:00,2024-02-19 13:45
1010,337,16,2025-07-14 11:00,2025-07-14 12:00
1011,337,20,2025-07-14 13:15,2025-07-14 14:15
1012,337,18,2025-07-14 12:00,2025-07-14 12:45
1013,337,19,2025-07-14 08:00,2025-07-14 08:45
1015,338,19,2025-07-14 09:15,2025-07-14 10:45
1017,338,12,2025-07-14 14:45,2025-07-14 15:30
1019,339,11,2025-07-08 16:30,2025-07-08 17:15
1020,340,14,2025-07-07 16:15,2025-07-07 17:00
1021,340,20,2025-07-07 08:00,2025-07-07 08:45
1022,340,19,2025-07-07 13:15,2025-07-07 14:15
1028,342,12,2025-07-02 09:30,2025-07-02 10:15
1030,342,19,2025-07-02 12:30,2025-07-02 13:30
1032,343,16,2023-03-27 11:00,2023-03-27 12:00
1035,344,17,2023-03-20 14:45,2023-03-20 15:30
1037,344,15,2023-03-20 13:00,2023-03-20 14:00
1041,346,15,2023-03-27 17:45,2023-03-27 18:45
1043,346,19,2023-03-27 16:00,2023-03-27 16:45
1049,348,11,2023-04-03 14:15,2023-04-03 15:15
1051,348,17,2023-04-03 09:30,2023-04-03 10:15
1053,349,37,2023-03-30 09:45,2023-03-30 11:15
1056,350,40,2023-03-27 10:45,2023-03-27 11:45
1061,352,32,2023-04-03 08:00,2023-04-03 09:30
1062,352,38,2023-04-03 09:30,2023-04-03 10:15
1064,353,97,2025-04-01 09:15,2025-04-01 10:00
1066,353,94,2025-04-01 14:00,2025-04-01 14:45
1070,355,96,2025-03-31 09:30,2025-03-31 10:30
1071,355,96,2025-03-31 13:15,2025-03-31 14:00
1072,355,99,2025-03-31 08:30,2025-03-31 09:30
1077,357,94,2025-03-27 15:00,2025-03-27 16:30
1079,358,36,2022-11-07 16:00,2022-11-07 16:45
1080,358,35,2022-11-07 14:30,2022-11-07 15:15
1081,358,32,2022-11-07 17:45,2022-11-07 18:45
1085,360,38,2022-11-03 09:00,2022-11-03 10:00
1090,362,37,2022-11-07 08:45,2022-11-07 09:30
1091,362,32,2022-11-07 14:15,2022-11-07 15:00
1096,364,25,2024-04-15 10:15,2024-04-15 11:15
1097,364,22,2024-04-15 12:30,2024-04-15 13:30
1098,364,22,2024-04-15 16:00,2024-04-15 17:00
1099,364,23,2024-04-15 17:15,2024-04-15 18:00
1102,366,24,2024-04-15 08:45,2024-04-15 09:45
1103,366,22,2024-04-15 14:30,2024-04-15 15:15
1113,370,9,2022-04-11 11:30,2022-04-11 12:30
1114,370,3,2022-04-11 09:00,2022-04-11 10:00
1115,370,4,2022-04-11 14:15,2022-04-11 15:15
1125,374,39,2023-09-28 14:15,2023-09-28 15:45
1126,374,40,2023-09-28 17:15,2023-09-28 18:15
1127,374,34,2023-09-28 12:30,2023-09-28 14:00
1128,374,40,2023-09-28 10:30,2023-09-28 11:30
1130,375,37,2023-10-11 16:15,2023-10-11 17:45
1134,377,32,2023-10-09 12:15,2023-10-09 13:00
1140,379,98,2023-05-15 11:15,2023-05-15 12:00
1142,379,93,2023-05-15 10:00,2023-05-15 11:00
1147,381,60,2024-04-02 12:15,2024-04-02 13:45
1148,381,58,2024-04-02 09:00,2024-04-02 10:30
1149,381,51,2024-04-02 14:30,2024-04-02 16:00
1150,381,60,2024-04-02 16:15,2024-04-02 17:00
1156,384,54,2024-04-01 17:00,2024-04-01 18:00
1157,384,60,2024-04-01 12:15,2024-04-01 13:15
1158,384,55,2024-04-01 14:30,2024-04-01 15:15
1159,384,53,2024-04-01 09:45,2024-04-01 11:15
1160,385,51,2024-03-28 14:30,2024-03-28 16:00
1161,385,54,2024-03-28 10:30,2024-03-28 12:00
1164,387,60,2023-01-24 10:30,2023-01-24 11:15
1165,387,51,2023-01-24 08:15,2023-01-24 09:15
1166,387,56,2023-01-24 11:45,2023-01-24 12:30
1167,387,60,2023-01-24 16:30,2023-01-24 17:15
1172,389,60,2023-01-23 10:30,2023-01-23 12:00
1173,389,60,2023-01-23 17:15,2023-01-23 18:15
1174,389,56,2023-01-23 12:45,2023-01-23 13:30
1175,389,56,2023-01-23 08:15,2023-01-23 09:45
1178,391,78,2022-06-27 12:00,2022-06-27 13:30
1179,391,80,2022-06-27 14:30,2022-06-27 15:15
1183,393,76,2022-06-27 08:15,2022-06-27 09:15
1184,393,75,2022-06-27 13:45,2022-06-27 15:15
1185,393,73,2022-06-27 17:45,2022-06-27 18:30
1186,393,78,2022-06-27 12:45,2022-06-27 13:30
1187,394,79,2022-06-22 14:30,2022-06-22 15:15
1188,394,74,2022-06-22 11:45,2022-06-22 12:45
1189,394,72,2022-06-22 16:30,2022-06-22 17:15
1190,394,73,2022-06-22 17:30,2022-06-22 18:15
1193,396,63,2021-09-23 10:00,2021-09-23 11:00
1194,396,66,2021-09-23 08:30,2021-09-23 10:00
1195,396,66,2021-09-23 14:00,2021-09-23 14:45
1197,397,66,2021-09-23 09:00,2021-09-23 10:00
1199,397,64,2021-09-23 14:45,2021-09-23 15:45
1218,404,45,2021-02-08 08:30,2021-02-08 10:00
1220,404,43,2021-02-08 17:30,2021-02-08 19:00
1227,407,94,2021-10-27 09:15,2021-10-27 10:45
1228,407,97,2021-10-27 15:45,2021-10-27 16:30
1234,409,91,2021-11-01 14:15,2021-11-01 15:45
1244,413,67,2022-09-12 15:00,2022-09-12 16:00
1245,413,64,2022-09-12 10:30,2022-09-12 12:00
1246,413,69,2022-09-12 12:30,2022-09-12 13:15
1247,414,63,2022-09-12 12:15,2022-09-12 13:45
1248,414,67,2022-09-12 09:45,2022-09-12 10:30
1249,414,68,2022-09-12 08:15,2022-09-12 09:45
1250,414,65,2022-09-12 13:45,2022-09-12 15:15
1262,418,68,2022-09-05 16:45,2022-09-05 17:30
1276,422,37,2023-01-09 16:45,2023-01-09 17:30
1281,424,40,2023-01-09 08:30,2023-01-09 09:30
1283,424,37,2023-01-09 16:15,2023-01-09 17:45
1284,425,35,2023-01-16 10:00,2023-01-16 11:30
1285,425,37,2023-01-16 12:00,2023-01-16 13:00
1286,425,37,2023-01-16 16:00,2023-01-16 17:30
1287,426,34,2023-01-17 17:00,2023-01-17 18:00
1288,426,31,2023-01-17 15:15,2023-01-17 16:00
1289,426,39,2023-01-17 11:00,2023-01-17 12:00
1290,426,35,2023-01-17 08:15,2023-01-17 09:15
1291,427,96,2021-02-09 14:30,2021-02-09 15:15
1292,427,100,2021-02-09 10:00,2021-02-09 10:45
1294,428,91,2021-02-11 13:00,2021-02-11 14:00
1296,429,92,2021-02-18 15:45,2021-02-18 16:30
1305,432,37,2025-01-16 12:00,2025-01-16 12:45
1307,432,32,2025-01-16 14:15,2025-01-16 15:15
1312,434,38,2025-01-20 09:30,2025-01-20 10:15
1314,434,38,2025-01-20 08:30,2025-01-20 09:15
1316,435,31,2025-01-16 09:45,2025-01-16 10:45
1318,436,64,2025-01-27 12:00,2025-01-27 13:00
1319,436,64,2025-01-27 14:30,2025-01-27 15:30
1320,436,61,2025-01-27 11:00,2025-01-27 11:45
1321,437,62,2025-02-10 11:00,2025-02-10 11:45
1322,437,70,2025-02-10 15:45,2025-02-10 16:30
1323,437,61,2025-02-10 17:45,2025-02-10 19:15
1324,437,61,2025-02-10 13:15,2025-02-10 14:00
1334,441,1,2024-06-10 17:30,2024-06-10 18:30
1335,441,4,2024-06-10 13:30,2024-06-10 15:00
1336,441,5,2024-06-10 15:15,2024-06-10 16:00
1337,441,5,2024-06-10 09:30,2024-06-10 10:15
1339,442,7,2024-06-19 11:30,2024-06-19 13:00
1341,443,4,2024-06-17 12:00,2024-06-17 12:45
1347,445,5,2024-06-17 15:30,2024-06-17 16:15
1349,445,1,2024-06-17 17:30,2024-06-17 18:15
1352,447,38,2025-09-29 17:00,2025-09-29 18:00
1353,447,31,2025-09-29 10:15,2025-09-29 11:45
1354,447,37,2025-09-29 15:45,2025-09-29 16:45
1355,447,38,2025-09-29 13:15,2025-09-29 14:45
1359,449,35,2025-10-01 11:45,2025-10-01 12:30
1360,449,31,2025-10-01 15:15,2025-10-01 16:15
1362,450,40,2025-09-17 09:15,2025-09-17 10:00
1363,451,31,2025-09-22 09:30,2025-09-22 10:15
1364,451,31,2025-09-22 10:45,2025-09-22 11:45
1365,451,31,2025-09-22 15:15,2025-09-22 16:00
1367,452,37,2025-09-29 08:30,2025-09-29 10:00
1371,454,89,2025-06-30 10:15,2025-06-30 11:45
1372,454,90,2025-06-30 14:00,2025-06-30 15:30
1373,454,82,2025-06-30 17:15,2025-06-30 18:00
1399,463,43,2024-04-29 09:45,2024-04-29 11:15
1400,463,49,2024-04-29 12:15,2024-04-29 13:00
1401,463,45,2024-04-29 08:15,2024-04-29 09:15
1402,463,41,2024-04-29 16:15,2024-04-29 17:15
1404,464,43,2024-05-01 11:15,2024-05-01 12:00
1410,466,42,2024-05-13 11:00,2024-05-13 11:45
1411,466,45,2024-05-13 08:00,2024-05-13 08:45
1412,466,43,2024-05-13 13:15,2024-05-13 14:45
1414,467,10,2025-09-15 08:45,2025-09-15 09:30
1427,472,2,2025-09-22 12:30,2025-09-22 13:30
1429,473,4,2021-02-03 13:45,2021-02-03 14:45
1430,473,1,2021-02-03 08:30,2021-02-03 09:30
1431,473,2,2021-02-03 10:45,2021-02-03 12:15
1433,474,9,2021-02-02 16:00,2021-02-02 16:45
1435,475,6,2021-02-03 15:15,2021-02-03 16:45
1437,475,5,2021-02-03 13:30,2021-02-03 14:15
1439,476,9,2021-02-08 15:30,2021-02-08 16:30
1441,476,10,2021-02-08 16:45,2021-02-08 17:30
1442,477,9,2021-01-27 16:30,2021-01-27 18:00
1443,477,4,2021-01-27 08:15,2021-01-27 09:15
1445,478,2,2021-01-27 15:30,2021-01-27 17:00
1447,478,8,2021-01-27 13:45,2021-01-27 14:30
1448,479,26,2022-08-03 09:00,2022-08-03 10:00
1449,479,27,2022-08-03 15:00,2022-08-03 15:45
1450,479,28,2022-08-03 13:45,2022-08-03 14:45
1455,481,25,2022-08-08 09:00,2022-08-08 10:00
1456,481,25,2022-08-08 17:00,2022-08-08 18:30
1459,483,26,2022-08-08 16:45,2022-08-08 17:45
1460,483,30,2022-08-08 12:45,2022-08-08 13:45
1461,483,26,2022-08-08 14:45,2022-08-08 16:15
1473,488,38,2024-11-11 13:15,2024-11-11 14:45
1474,488,39,2024-11-11 10:15,2024-11-11 11:15
1475,488,33,2024-11-11 15:15,2024-11-11 16:45
1476,488,36,2024-11-11 08:00,2024-11-11 09:00
1479,490,32,2024-11-14 11:00,2024-11-14 12:30
1480,490,31,2024-11-14 08:00,2024-11-14 09:30
1481,490,36,2024-11-14 15:45,2024-11-14 16:45
1483,491,38,2024-11-05 09:30,2024-11-05 10:15
1485,491,36,2024-11-05 12:30,2024-11-05 14:00
1487,492,20,2023-02-27 14:30,2023-02-27 16:00
1503,498,18,2023-03-06 11:00,2023-03-06 12:00
1504,498,18,2023-03-06 17:45,2023-03-06 18:30
1509,500,37,2024-03-25 13:30,2024-03-25 15:00
1511,500,36,2024-03-25 11:15,2024-03-25 12:00
1512,501,39,2024-03-26 13:00,2024-03-26 13:45
1513,501,32,2024-03-26 17:45,2024-03-26 18:45
1515,502,40,2024-04-01 08:00,2024-04-01 08:45
1523,505,36,2024-04-08 09:15,2024-04-08 10:45
1524,505,34,2024-04-08 14:15,2024-04-08 15:15
1525,505,37,2024-04-08 11:30,2024-04-08 13:00
1543,511,40,2023-08-08 08:45,2023-08-08 09:30
1544,511,35,2023-08-08 14:15,2023-08-08 15:45
1545,511,36,2023-08-08 15:45,2023-08-08 16:45
1546,512,32,2023-08-08 17:30,2023-08-08 18:30
1547,512,31,2023-08-08 15:15,2023-08-08 16:45
1548,512,40,2023-08-08 14:15,2023-08-08 15:15
1549,512,37,2023-08-08 11:15,2023-08-08 12:45
1556,515,35,2023-08-14 16:30,2023-08-14 17:30
1558,515,38,2023-08-14 12:00,2023-08-14 12:45
1560,516,35,2023-08-07 17:15,2023-08-07 18:00
1562,516,39,2023-08-07 14:30,2023-08-07 15:30
1568,518,55,2025-06-16 14:45,2025-06-16 15:45
1573,520,54,2025-06-09 14:15,2025-06-09 15:45
1575,520,51,2025-06-09 10:30,2025-06-09 12:00
1577,521,57,2025-06-16 14:00,2025-06-16 14:45
1578,522,57,2025-06-16 15:45,2025-06-16 17:15
1579,522,53,2025-06-16 12:30,2025-06-16 13:15
1580,522,53,2025-06-16 08:30,2025-06-16 09:15
1581,523,34,2021-08-23 14:45,2021-08-23 15:30
1582,523,37,2021-08-23 14:00,2021-08-23 14:45
1583,523,38,2021-08-23 10:45,2021-08-23 12:15
1584,523,40,2021-08-23 09:00,2021-08-23 09:45
1585,524,34,2021-08-24 09:00,2021-08-24 10:30
1586,524,37,2021-08-24 16:15,2021-08-24 17:00
1587,525,33,2021-08-30 08:15,2021-08-30 09:00
1588,525,35,2021-08-30 17:45,2021-08-30 19:15
1589,525,34,2021-08-30 14:15,2021-08-30 15:00
1591,526,36,2021-08-23 16:15,2021-08-23 17:15
1594,527,37,2021-08-31 17:45,2021-08-31 19:15
1596,528,100,2025-08-04 15:15,2025-08-04 16:15
1597,528,100,2025-08-04 09:30,2025-08-04 10:15
1598,528,93,2025-08-04 08:30,2025-08-04 09:15
1600,529,95,2025-07-28 14:45,2025-07-28 16:15
1610,533,91,2022-08-22 13:30,2022-08-22 14:15
1611,533,100,2022-08-22 11:45,2022-08-22 12:30
1620,536,94,2022-08-15 17:45,2022-08-15 19:15
1622,536,96,2022-08-15 14:30,2022-08-15 15:15
1623,537,92,2022-08-15 16:45,2022-08-15 18:15
1624,537,97,2022-08-15 08:45,2022-08-15 09:45
1625,537,94,2022-08-15 13:30,2022-08-15 14:30
1629,539,33,2022-06-27 13:00,2022-06-27 13:45
1636,542,32,2022-06-28 17:30,2022-06-28 18:15
1637,542,37,2022-06-28 10:45,2022-06-28 11:45
1641,544,37,2022-05-02 14:15,2022-05-02 15:00
1643,544,38,2022-05-02 09:15,2022-05-02 10:45
1644,545,38,2022-05-11 10:00,2022-05-11 11:00
1645,545,36,2022-05-11 14:00,2022-05-11 14:45
1647,546,38,2022-05-02 15:00,2022-05-02 16:30
1657,549,33,2022-05-09 13:45,2022-05-09 15:15
1659,549,35,2022-05-09 10:00,2022-05-09 10:45
1661,550,34,2022-04-06 08:15,2022-04-06 09:45
1665,552,36,2022-04-11 09:00,2022-04-11 10:00
1666,552,34,2022-04-11 11:00,2022-04-11 11:45
1672,555,40,2022-04-05 16:00,2022-04-05 17:30
1673,555,34,2022-04-05 08:45,2022-04-05 09:30
1674,555,36,2022-04-05 13:45,2022-04-05 14:30
1676,556,36,2022-04-04 11:15,2022-04-04 12:00
1678,556,38,2022-04-04 13:00,2022-04-04 14:30
1679,557,44,2022-08-25 14:30,2022-08-25 15:30
1680,557,49,2022-08-25 13:15,2022-08-25 14:00
1684,559,43,2022-08-16 08:45,2022-08-16 09:45
1694,562,50,2022-08-29 13:15,2022-08-29 14:15
1695,562,48,2022-08-29 17:30,2022-08-29 18:15
1696,562,48,2022-08-29 09:30,2022-08-29 10:30
1697,562,48,2022-08-29 08:15,2022-08-29 09:15
1699,563,42,2022-08-29 14:30,2022-08-29 15:15
1701,563,43,2022-08-29 15:45,2022-08-29 16:30
1703,564,48,2022-08-22 11:45,2022-08-22 12:45
1705,564,44,2022-08-22 09:45,2022-08-22 10:30
1706,565,95,2022-11-17 17:30,2022-11-17 18:30
1707,565,91,2022-11-17 08:45,2022-11-17 09:30
1708,565,92,2022-11-17 10:00,2022-11-17 10:45
1712,567,98,2022-11-07 12:30,2022-11-07 14:00
1713,567,96,2022-11-07 17:30,2022-11-07 18:15
1714,567,93,2022-11-07 14:15,2022-11-07 15:15
1716,568,99,2022-11-16 11:15,2022-11-16 12:00
1719,570,68,2025-06-12 15:45,2025-06-12 17:15
1720,570,62,2025-06-12 10:45,2025-06-12 11:45
1721,570,63,2025-06-12 12:30,2025-06-12 13:30
1723,571,62,2025-06-09 08:30,2025-06-09 10:00
1725,572,17,2025-06-02 11:45,2025-06-02 12:45
1727,572,20,2025-06-02 09:15,2025-06-02 10:15
1736,575,19,2025-05-26 17:45,2025-05-26 19:15
1737,575,16,2025-05-26 09:00,2025-05-26 09:45
1738,575,11,2025-05-26 11:00,2025-05-26 11:45
1739,575,19,2025-05-26 09:45,2025-05-26 10:30
1740,576,2,2025-08-18 13:15,2025-08-18 14:45
1741,576,5,2025-08-18 08:45,2025-08-18 09:45
1742,576,10,2025-08-18 16:30,2025-08-18 17:30
1745,578,8,2025-08-25 13:15,2025-08-25 14:00
1746,578,4,2025-08-25 11:45,2025-08-25 12:45
1747,579,7,2025-08-18 13:30,2025-08-18 14:30
1748,579,5,2025-08-18 15:45,2025-08-18 16:30
1750,580,10,2025-08-25 17:45,2025-08-25 18:30
1752,580,7,2025-08-25 08:15,2025-08-25 09:00
1754,581,3,2025-08-14 17:00,2025-08-14 17:45
1762,584,93,2022-06-08 11:00,2022-06-08 12:30
1763,584,95,2022-06-08 14:30,2022-06-08 15:15
1765,585,94,2022-06-07 14:15,2022-06-07 15:00
1767,586,92,2022-06-06 08:30,2022-06-06 09:15
1769,587,100,2022-05-26 12:45,2022-05-26 13:45
1772,589,100,2021-04-26 17:15,2021-04-26 18:00
1773,589,94,2021-04-26 13:45,2021-04-26 15:15
1780,592,98,2021-04-26 11:00,2021-04-26 11:45
1781,592,100,2021-04-26 12:45,2021-04-26 13:30
1782,592,98,2021-04-26 17:30,2021-04-26 18:30
1784,593,95,2021-04-26 16:30,2021-04-26 17:30
1786,593,93,2021-04-26 13:45,2021-04-26 14:30
1792,596,31,2022-08-18 15:30,2022-08-18 17:00
1793,596,31,2022-08-18 12:00,2022-08-18 12:45
1794,596,39,2022-08-18 08:45,2022-08-18 09:45
1795,597,33,2022-08-17 17:45,2022-08-17 18:45
1796,597,32,2022-08-17 08:00,2022-08-17 09:00
1797,597,35,2022-08-17 16:30,2022-08-17 17:30
1798,597,37,2022-08-17 15:45,2022-08-17 16:30
1800,598,33,2022-08-22 11:30,2022-08-22 12:30
1802,598,35,2022-08-22 12:30,2022-08-22 13:15
1803,599,35,2022-08-15 15:00,2022-08-15 15:45
1804,599,35,2022-08-15 17:00,2022-08-15 17:45
1809,601,90,2021-10-18 13:00,2021-10-18 14:00
1810,601,88,2021-10-18 14:15,2021-10-18 15:00
1813,603,87,2021-10-25 16:30,2021-10-25 17:15
1814,603,84,2021-10-25 11:15,2021-10-25 12:45
1815,603,81,2021-10-25 09:00,2021-10-25 10:00
1817,604,83,2021-10-25 09:45,2021-10-25 10:45
1819,604,86,2021-10-25 13:45,2021-10-25 14:45
1821,605,33,2024-11-18 10:30,2024-11-18 12:00
1824,606,32,2024-11-18 13:45,2024-11-18 15:15
1826,606,38,2024-11-18 12:45,2024-11-18 13:45
1831,608,40,2024-11-25 17:15,2024-11-25 18:45
1852,615,45,2022-11-30 12:45,2022-11-30 13:45
1856,617,22,2025-11-17 12:00,2025-11-17 13:00
1857,617,28,2025-11-17 13:30,2025-11-17 15:00
1858,617,27,2025-11-17 08:15,2025-11-17 09:00
1859,617,22,2025-11-17 10:30,2025-11-17 12:00
1864,619,24,2022-12-12 12:30,2022-12-12 13:30
1865,619,27,2022-12-12 10:15,2022-12-12 11:15
1866,620,28,2022-12-12 15:00,2022-12-12 16:00
1867,620,28,2022-12-12 11:30,2022-12-12 12:15
1869,621,26,2022-12-19 17:30,2022-12-19 18:15
1875,624,21,2022-12-20 17:30,2022-12-20 19:00
1876,624,21,2022-12-20 10:00,2022-12-20 11:00
1881,626,25,2025-01-02 17:00,2025-01-02 18:00
1882,626,25,2025-01-02 10:45,2025-01-02 11:30
1883,627,30,2024-12-23 16:45,2024-12-23 18:15
1884,627,26,2024-12-23 14:00,2024-12-23 15:30
1890,629,25,2024-12-30 12:30,2024-12-30 13:15
1892,629,24,2024-12-30 17:15,2024-12-30 18:00
1901,632,24,2025-01-02 08:15,2025-01-02 09:15
1903,632,27,2025-01-02 14:15,2025-01-02 15:45
1905,633,27,2024-12-23 10:15,2024-12-23 11:15
1915,636,44,2021-11-29 15:00,2021-11-29 16:00
1917,636,46,2021-11-29 11:30,2021-11-29 12:15
1925,639,15,2025-11-24 10:30,2025-11-24 12:00
1926,639,20,2025-11-24 15:00,2025-11-24 15:45
1927,639,15,2025-11-24 08:00,2025-11-24 08:45
1935,642,17,2025-11-25 08:45,2025-11-25 10:15
1946,646,24,2022-04-25 13:45,2022-04-25 14:45
1948,647,28,2022-04-21 16:15,2022-04-21 17:15
1953,650,82,2025-01-27 14:15,2025-01-27 15:00
1954,650,88,2025-01-27 16:45,2025-01-27 18:15
1955,650,88,2025-01-27 10:45,2025-01-27 11:45
1956,650,86,2025-01-27 15:45,2025-01-27 16:30
1964,653,11,2024-11-04 13:15,2024-11-04 14:15
1965,653,18,2024-11-04 14:45,2024-11-04 15:45
1966,653,12,2024-11-04 08:00,2024-11-04 09:30
1971,655,14,2024-10-22 12:15,2024-10-22 13:15
1973,655,17,2024-10-22 10:45,2024-10-22 11:30
1977,657,86,2023-04-03 15:45,2023-04-03 17:15
1978,657,89,2023-04-03 14:45,2023-04-03 15:45
1979,657,90,2023-04-03 11:30,2023-04-03 13:00
1980,657,88,2023-04-03 08:45,2023-04-03 09:45
1984,659,90,2023-03-20 16:15,2023-03-20 17:00
1985,659,84,2023-03-20 13:45,2023-03-20 15:15
1986,659,90,2023-03-20 10:30,2023-03-20 12:00
1987,659,87,2023-03-20 08:15,2023-03-20 09:00
1992,661,65,2024-08-26 13:00,2024-08-26 14:00
1995,662,65,2024-09-02 16:00,2024-09-02 16:45
1997,663,62,2024-09-04 08:15,2024-09-04 09:00
2003,665,11,2022-02-28 17:15,2022-02-28 18:45
2005,665,11,2022-02-28 10:15,2022-02-28 11:15
2010,667,20,2022-02-24 12:45,2022-02-24 13:30
2016,669,20,2022-02-22 17:45,2022-02-22 18:45
2021,671,13,2022-02-28 08:15,2022-02-28 09:45
2022,671,18,2022-02-28 14:00,2022-02-28 14:45
2034,676,7,2022-11-14 11:15,2022-11-14 12:00
2035,677,4,2022-11-07 10:15,2022-11-07 11:45
2036,677,2,2022-11-07 16:15,2022-11-07 17:45
2037,677,6,2022-11-07 13:45,2022-11-07 14:45
2045,680,26,2024-06-26 17:15,2024-06-26 18:15
2046,680,28,2024-06-26 11:00,2024-06-26 12:00
2047,680,22,2024-06-26 13:30,2024-06-26 14:30
2048,680,28,2024-06-26 12:00,2024-06-26 13:00
2050,681,23,2024-07-01 11:00,2024-07-01 12:00
2053,682,21,2024-07-03 17:45,2024-07-03 18:45
2059,685,22,2024-06-26 16:45,2024-06-26 18:15
2060,685,27,2024-06-26 08:30,2024-06-26 09:30
2061,685,30,2024-06-26 10:45,2024-06-26 12:15
2066,687,53,2022-07-18 08:15,2022-07-18 09:15
2071,689,60,2022-07-19 08:45,2022-07-19 09:45
2072,689,54,2022-07-19 17:30,2022-07-19 18:30
2074,690,52,2022-07-18 14:45,2022-07-18 15:30
2076,690,59,2022-07-18 09:45,2022-07-18 11:15
2077,691,59,2022-07-20 10:30,2022-07-20 12:00
2078,691,52,2022-07-20 15:15,2022-07-20 16:00
2079,691,60,2022-07-20 12:15,2022-07-20 13:15
2080,691,55,2022-07-20 17:45,2022-07-20 19:15
2089,694,45,2021-07-07 16:15,2021-07-07 17:15
2111,702,76,2024-12-05 09:45,2024-12-05 11:15
2112,702,77,2024-12-05 14:30,2024-12-05 16:00
2113,702,80,2024-12-05 17:00,2024-12-05 18:30
2114,703,73,2024-11-25 10:00,2024-11-25 11:00
2115,703,79,2024-11-25 13:30,2024-11-25 15:00
2116,703,73,2024-11-25 17:45,2024-11-25 18:30
2118,704,79,2024-11-28 08:30,2024-11-28 09:15
2120,704,79,2024-11-28 13:00,2024-11-28 13:45
2125,707,32,2025-07-30 15:00,2025-07-30 15:45
2126,707,32,2025-07-30 17:30,2025-07-30 18:30
2127,707,34,2025-07-30 08:45,2025-07-30 10:15
2128,707,35,2025-07-30 12:30,2025-07-30 13:15
2137,710,33,2025-08-04 13:15,2025-08-04 14:15
2139,710,36,2025-08-04 12:00,2025-08-04 12:45
2141,711,39,2025-07-29 16:45,2025-07-29 17:45
2143,711,37,2025-07-29 12:45,2025-07-29 14:15
2145,712,38,2025-08-04 17:00,2025-08-04 17:45
2147,712,31,2025-08-04 17:45,2025-08-04 18:45
2150,714,8,2022-09-26 10:30,2022-09-26 12:00
2151,714,10,2022-09-26 09:30,2022-09-26 10:30
2152,714,4,2022-09-26 13:15,2022-09-26 14:45
2158,716,82,2022-10-27 13:00,2022-10-27 13:45
2160,716,90,2022-10-27 10:15,2022-10-27 11:00
2162,717,88,2022-11-07 10:30,2022-11-07 11:15
2173,721,82,2022-11-07 08:15,2022-11-07 09:00
2175,722,82,2022-10-31 14:00,2022-10-31 14:45
2176,722,83,2022-10-31 16:45,2022-10-31 17:30
2177,722,85,2022-10-31 14:45,2022-10-31 16:15
2178,722,82,2022-10-31 09:30,2022-10-31 11:00
2191,726,4,2024-01-09 11:15,2024-01-09 12:15
2193,727,80,2022-08-29 10:00,2022-08-29 11:00
2196,728,80,2022-08-24 16:00,2022-08-24 16:45
2201,730,25,2021-11-25 08:00,2021-11-25 09:00
2203,730,21,2021-11-25 14:00,2021-11-25 15:00
2205,731,23,2021-11-25 14:45,2021-11-25 16:15
2207,731,23,2021-11-25 09:30,2021-11-25 11:00
2214,734,29,2021-12-01 09:15,2021-12-01 10:00
2215,734,22,2021-12-01 17:00,2021-12-01 18:00
2216,734,27,2021-12-01 16:15,2021-12-01 17:00
2227,738,38,2022-06-20 11:45,2022-06-20 12:45
2228,739,32,2022-06-15 16:30,2022-06-15 17:15
2229,739,38,2022-06-15 13:45,2022-06-15 15:15
2230,739,31,2022-06-15 09:15,2022-06-15 10:15
2231,739,40,2022-06-15 12:30,2022-06-15 13:30
2233,740,40,2022-06-20 12:30,2022-06-20 13:15
2235,740,36,2022-06-20 14:30,2022-06-20 15:30
2237,741,36,2022-06-20 10:15,2022-06-20 11:45
2239,741,37,2022-06-20 16:30,2022-06-20 17:30
2241,742,37,2022-06-20 08:00,2022-06-20 09:30
2243,742,37,2022-06-20 13:30,2022-06-20 14:30
2244,743,32,2022-06-22 17:00,2022-06-22 17:45
2245,743,31,2022-06-22 14:00,2022-06-22 15:30
2246,743,40,2022-06-22 11:30,2022-06-22 12:30
2247,743,36,2022-06-22 15:45,2022-06-22 16:30
2248,744,22,2021-03-22 16:00,2021-03-22 16:45
2249,744,26,2021-03-22 17:30,2021-03-22 18:15
2250,744,26,2021-03-22 11:30,2021-03-22 12:30
2252,745,24,2021-03-22 08:30,2021-03-22 09:15
2253,746,29,2021-03-24 17:00,2021-03-24 18:00
2254,746,24,2021-03-24 08:15,2021-03-24 09:45
2255,746,24,2021-03-24 12:45,2021-03-24 13:45
2256,746,30,2021-03-24 13:45,2021-03-24 15:15
2260,748,21,2021-03-17 08:30,2021-03-17 09:15
2264,750,69,2025-04-28 08:00,2025-04-28 08:45
2265,750,65,2025-04-28 17:30,2025-04-28 18:30
2267,751,64,2025-05-06 09:15,2025-05-06 10:45
2269,751,63,2025-05-06 10:45,2025-05-06 11:30
2282,756,66,2025-04-28 14:00,2025-04-28 15:30
2284,757,62,2025-05-05 10:00,2025-05-05 11:30
2286,758,35,2021-12-15 17:15,2021-12-15 18:00
2287,758,37,2021-12-15 13:30,2021-12-15 14:30
2288,758,33,2021-12-15 08:30,2021-12-15 09:15
2289,759,37,2021-12-15 16:45,2021-12-15 17:30
2290,759,33,2021-12-15 13:45,2021-12-15 14:45
2291,759,39,2021-12-15 09:45,2021-12-15 11:15
2293,760,40,2021-12-22 15:00,2021-12-22 16:30
2298,762,31,2021-12-20 10:45,2021-12-20 11:45
2299,763,33,2021-12-16 14:00,2021-12-16 15:00
2300,763,37,2021-12-16 09:45,2021-12-16 11:15
2301,763,35,2021-12-16 12:15,2021-12-16 13:15
2302,763,36,2021-12-16 17:15,2021-12-16 18:00
2307,765,32,2021-10-25 13:00,2021-10-25 14:00
2309,766,31,2021-10-28 13:00,2021-10-28 14:30
2310,766,32,2021-10-28 17:45,2021-10-28 18:30
2312,767,34,2021-10-21 14:15,2021-10-21 15:15
2318,770,12,2022-01-06 12:45,2022-01-06 13:30
2319,770,19,2022-01-06 13:45,2022-01-06 15:15
2322,772,17,2021-12-30 15:30,2021-12-30 16:30
2323,772,14,2021-12-30 13:30,2021-12-30 14:15
2324,772,11,2021-12-30 17:00,2021-12-30 18:30
2343,778,78,2021-03-08 15:00,2021-03-08 16:00
2346,779,48,2025-04-03 09:30,2025-04-03 10:30
2350,781,46,2025-03-31 16:15,2025-03-31 17:00
2355,783,42,2025-04-07 17:15,2025-04-07 18:15
2368,788,2,2024-05-21 10:30,2024-05-21 12:00
2372,790,1,2024-05-28 17:00,2024-05-28 18:30
2374,790,5,2024-05-28 11:30,2024-05-28 12:15
2376,791,3,2024-05-28 17:30,2024-05-28 18:15
2377,792,7,2024-05-27 12:15,2024-05-27 13:00
2378,792,8,2024-05-27 16:15,2024-05-27 17:00
2379,793,34,2022-10-17 09:15,2022-10-17 10:15
2380,793,31,2022-10-17 17:00,2022-10-17 17:45
2381,793,34,2022-10-17 14:15,2022-10-17 15:00
2393,797,32,2022-10-10 15:45,2022-10-10 17:15
2395,797,31,2022-10-10 13:15,2022-10-10 14:15
2403,800,38,2022-03-10 14:30,2022-03-10 15:30
2406,801,34,2022-03-16 16:30,2022-03-16 17:30
2408,802,31,2022-03-07 11:00,2022-03-07 12:30
2409,802,31,2022-03-07 16:45,2022-03-07 18:15
2410,802,31,2022-03-07 13:30,2022-03-07 14:30
2413,804,31,2022-03-14 14:30,2022-03-14 16:00
2414,804,40,2022-03-14 17:45,2022-03-14 18:30
2415,804,36,2022-03-14 12:45,2022-03-14 13:45
2421,806,22,2025-05-15 13:15,2025-05-15 14:00
2427,808,23,2025-05-14 12:15,2025-05-14 13:45
2434,811,25,2025-05-12 11:30,2025-05-12 12:30
2436,811,21,2025-05-12 13:00,2025-05-12 13:45
2437,812,76,2024-10-02 08:45,2024-10-02 09:30
2438,812,77,2024-10-02 13:15,2024-10-02 14:00
2439,812,78,2024-10-02 14:00,2024-10-02 15:00
2440,813,80,2024-10-07 14:45,2024-10-07 15:45
2441,813,73,2024-10-07 08:15,2024-10-07 09:15
2442,813,79,2024-10-07 12:00,2024-10-07 13:00
2443,813,78,2024-10-07 16:30,2024-10-07 18:00
2452,816,76,2024-10-07 17:30,2024-10-07 18:30
2454,817,72,2024-09-30 10:15,2024-09-30 11:45
2455,817,79,2024-09-30 13:30,2024-09-30 15:00
2472,823,34,2024-03-27 09:15,2024-03-27 10:45
2486,827,59,2025-11-27 08:30,2025-11-27 09:30
2487,828,54,2025-12-01 11:45,2025-12-01 13:15
2488,828,59,2025-12-01 14:15,2025-12-01 15:00
2490,829,54,2025-12-01 08:30,2025-12-01 09:30
2492,829,54,2025-12-01 09:30,2025-12-01 10:30
2512,836,62,2022-09-27 13:00,2022-09-27 14:00
2513,836,63,2022-09-27 15:45,2022-09-27 16:45
2515,837,68,2022-09-21 11:45,2022-09-21 13:15
2517,838,67,2022-09-29 16:45,2022-09-29 17:45
2519,838,70,2022-09-29 13:45,2022-09-29 14:30
2532,842,66,2023-06-19 16:00,2023-06-19 17:00
2538,844,70,2023-06-26 16:15,2023-06-26 17:15
2540,844,64,2023-06-26 11:00,2023-06-26 12:00
2544,846,69,2023-06-29 08:15,2023-06-29 09:15
2545,846,64,2023-06-29 09:45,2023-06-29 10:30
2546,846,62,2023-06-29 12:45,2023-06-29 13:45
2547,846,69,2023-06-29 17:15,2023-06-29 18:00
2551,848,68,2025-11-03 17:15,2025-11-03 18:15
2555,850,68,2025-10-28 16:15,2025-10-28 17:45
2556,850,65,2025-10-28 13:15,2025-10-28 14:00
2566,854,20,2023-01-30 11:30,2023-01-30 13:00
2567,854,16,2023-01-30 13:15,2023-01-30 14:15
2568,854,19,2023-01-30 16:45,2023-01-30 17:45
2569,854,13,2023-01-30 15:00,2023-01-30 16:30
2571,855,20,2023-02-01 15:00,2023-02-01 15:45
2574,856,16,2023-01-30 16:00,2023-01-30 16:45
2576,856,13,2023-01-30 09:00,2023-01-30 09:45
2577,857,14,2023-01-26 11:45,2023-01-26 12:30
2578,857,12,2023-01-26 15:00,2023-01-26 16:30
2579,857,15,2023-01-26 13:00,2023-01-26 14:00
2580,857,18,2023-01-26 16:30,2023-01-26 17:30
2588,860,18,2023-01-26 17:15,2023-01-26 18:00
2589,861,45,2021-11-29 11:45,2021-11-29 12:45
2590,861,41,2021-11-29 14:15,2021-11-29 15:15
2591,861,50,2021-11-29 15:45,2021-11-29 17:15
2592,861,46,2021-11-29 13:00,2021-11-29 14:00
2593,862,45,2021-12-01 16:15,2021-12-01 17:00
2594,862,41,2021-12-01 13:15,2021-12-01 14:15
2595,862,48,2021-12-01 09:15,2021-12-01 10:15
2596,862,48,2021-12-01 08:15,2021-12-01 09:15
2603,865,42,2021-11-29 17:45,2021-11-29 19:15
2605,865,50,2021-11-29 10:00,2021-11-29 11:30
2610,867,92,2025-08-04 14:15,2025-08-04 15:45
2611,867,93,2025-08-04 12:30,2025-08-04 13:15
2612,867,98,2025-08-04 10:30,2025-08-04 11:30
2613,867,93,2025-08-04 16:00,2025-08-04 17:30
2617,869,94,2025-07-28 10:45,2025-07-28 11:30
2619,870,91,2025-07-28 09:00,2025-07-28 09:45
2629,874,41,2024-06-05 10:15,2024-06-05 11:15
2630,874,49,2024-06-05 15:45,2024-06-05 16:45
2631,874,48,2024-06-05 17:15,2024-06-05 18:45
2636,876,22,2021-01-25 08:45,2021-01-25 09:30
2637,877,28,2021-01-26 10:30,2021-01-26 11:15
2638,877,24,2021-01-26 15:30,2021-01-26 16:30
2639,877,21,2021-01-26 08:00,2021-01-26 08:45
2640,877,29,2021-01-26 14:45,2021-01-26 15:30
2644,879,29,2021-01-19 15:30,2021-01-19 16:30
2645,880,23,2021-01-26 08:45,2021-01-26 10:15
2646,880,21,2021-01-26 10:15,2021-01-26 11:45
2647,881,14,2021-08-09 15:30,2021-08-09 16:30
2648,881,18,2021-08-09 10:30,2021-08-09 11:15
2665,888,22,2023-03-30 10:15,2023-03-30 11:15
2667,888,29,2023-03-30 17:45,2023-03-30 18:45
2672,890,23,2023-03-27 10:30,2023-03-27 12:00
2674,891,27,2023-03-30 15:30,2023-03-30 16:15
2678,893,72,2025-12-01 15:30,2025-12-01 16:30
2679,893,75,2025-12-01 11:15,2025-12-01 12:45
2684,895,71,2025-11-24 12:30,2025-11-24 14:00
2685,895,75,2025-11-24 11:45,2025-11-24 12:30
2698,900,86,2022-03-28 09:30,2022-03-28 10:30
2699,900,90,2022-03-28 10:45,2022-03-28 12:15
2708,903,84,2022-03-21 17:15,2022-03-21 18:00
2709,903,82,2022-03-21 08:45,2022-03-21 10:15
2729,910,29,2021-04-26 14:00,2021-04-26 15:30
2743,915,58,2022-02-16 16:15,2022-02-16 17:15
2747,917,51,2022-02-09 10:00,2022-02-09 11:00
2748,917,57,2022-02-09 11:00,2022-02-09 12:00
2749,917,60,2022-02-09 13:45,2022-02-09 14:30
2763,922,34,2022-12-28 11:30,2022-12-28 12:30
2765,923,37,2023-01-09 14:00,2023-01-09 15:30
2767,924,34,2023-01-04 11:15,2023-01-04 12:15
2768,924,37,2023-01-04 14:45,2023-01-04 16:15
2769,924,37,2023-01-04 08:30,2023-01-04 10:00
2775,926,5,2025-10-16 11:00,2025-10-16 12:00
2777,926,8,2025-10-16 09:00,2025-10-16 10:00
2778,927,3,2025-10-27 08:15,2025-10-27 09:00
2779,927,3,2025-10-27 13:30,2025-10-27 15:00
2780,927,7,2025-10-27 09:30,2025-10-27 10:30
2781,928,3,2025-10-20 12:30,2025-10-20 13:30
2782,928,10,2025-10-20 08:45,2025-10-20 10:15
2783,928,4,2025-10-20 10:30,2025-10-20 12:00
2795,933,82,2021-01-13 16:15,2021-01-13 17:45
2796,934,47,2024-09-23 15:15,2024-09-23 16:15
2797,934,43,2024-09-23 13:45,2024-09-23 14:45
2803,936,47,2024-09-25 17:30,2024-09-25 18:15
2806,937,29,2024-04-01 08:30,2024-04-01 09:15
2808,937,28,2024-04-01 16:15,2024-04-01 17:15
2810,938,21,2024-04-01 08:45,2024-04-01 10:15
2811,939,21,2024-03-25 09:30,2024-03-25 10:30
2812,939,26,2024-03-25 14:15,2024-03-25 15:15
2817,941,22,2024-04-01 17:30,2024-04-01 19:00
2818,941,21,2024-04-01 08:00,2024-04-01 09:00
2819,941,25,2024-04-01 15:30,2024-04-01 16:15
2821,942,63,2023-03-13 11:30,2023-03-13 13:00
2832,946,49,2024-12-09 14:30,2024-12-09 15:15
2833,947,43,2024-12-09 10:30,2024-12-09 12:00
2834,947,42,2024-12-09 08:00,2024-12-09 09:00
2835,947,44,2024-12-09 16:45,2024-12-09 17:30
2836,948,45,2024-12-09 10:00,2024-12-09 11:00
2837,948,48,2024-12-09 14:45,2024-12-09 15:30
2838,948,49,2024-12-09 12:30,2024-12-09 13:30
2844,950,41,2024-12-09 09:15,2024-12-09 10:00
2846,951,43,2024-12-03 13:45,2024-12-03 14:30
2847,951,48,2024-12-03 15:30,2024-12-03 17:00
2848,951,48,2024-12-03 17:45,2024-12-03 18:30
2849,951,43,2024-12-03 12:45,2024-12-03 13:30
2851,952,47,2024-12-09 12:30,2024-12-09 14:00
2853,952,44,2024-12-09 08:30,2024-12-09 09:15
2855,953,49,2024-03-18 15:00,2024-03-18 16:00
2857,953,44,2024-03-18 11:45,2024-03-18 13:15
2861,955,46,2024-03-25 16:00,2024-03-25 17:30
2862,955,43,2024-03-25 14:45,2024-03-25 15:45
2863,955,47,2024-03-25 13:30,2024-03-25 14:15
2864,956,44,2024-03-21 09:00,2024-03-21 10:30
2865,956,45,2024-03-21 16:00,2024-03-21 16:45
2871,958,45,2024-03-11 10:45,2024-03-11 11:45
2877,960,41,2024-03-12 11:15,2024-03-12 12:45
2879,961,5,2023-12-04 12:45,2023-12-04 14:15
2881,961,1,2023-12-04 14:15,2023-12-04 15:45
2882,962,6,2023-11-30 11:15,2023-11-30 12:15
2883,962,5,2023-11-30 12:45,2023-11-30 14:15
2884,962,2,2023-11-30 15:30,2023-11-30 16:30
2885,962,4,2023-11-30 14:15,2023-11-30 15:00
2890,964,10,2023-12-04 09:45,2023-12-04 10:30
2892,964,6,2023-12-04 12:15,2023-12-04 13:15
2894,965,3,2023-11-27 13:30,2023-11-27 15:00
2896,965,8,2023-11-27 10:00,2023-11-27 10:45
2900,967,4,2023-12-04 09:15,2023-12-04 10:15
2901,967,10,2023-12-04 17:00,2023-12-04 18:00
2902,967,10,2023-12-04 11:45,2023-12-04 12:30
2904,968,20,2022-04-25 10:00,2022-04-25 10:45
2906,968,19,2022-04-25 08:00,2022-04-25 09:00
2908,969,11,2022-05-03 15:30,2022-05-03 17:00
2910,970,18,2022-04-28 08:30,2022-04-28 09:15
2913,971,16,2022-05-02 13:30,2022-05-02 14:15
2915,971,14,2022-05-02 16:30,2022-05-02 18:00
2935,978,93,2024-12-05 11:45,2024-12-05 12:30
2936,978,98,2024-12-05 09:15,2024-12-05 10:45
2937,978,94,2024-12-05 08:15,2024-12-05 09:00
2939,979,62,2022-02-28 17:45,2022-02-28 18:45
2941,979,66,2022-02-28 09:45,2022-02-28 10:45
2948,982,66,2022-02-28 08:15,2022-02-28 09:15
2952,984,65,2022-03-07 11:00,2022-03-07 12:30
2958,986,18,2023-03-20 10:15,2023-03-20 11:15
2960,986,14,2023-03-20 13:30,2023-03-20 14:30
2966,988,41,2022-02-22 14:45,2022-02-22 16:15
2968,989,47,2022-02-14 17:45,2022-02-14 18:45
2969,989,48,2022-02-14 15:00,2022-02-14 16:30
2970,989,47,2022-02-14 13:30,2022-02-14 14:15
2990,995,71,2023-11-02 17:30,2023-11-02 19:00
2993,996,66,2021-02-24 13:15,2021-02-24 14:45
3001,999,67,2021-02-23 13:45,2021-02-23 14:45
3007,1001,16,2021-07-12 08:30,2021-07-12 09:15
3009,1002,14,2021-07-07 12:15,2021-07-07 13:00
3012,1003,20,2021-07-12 11:15,2021-07-12 12:00
3014,1004,11,2021-07-12 15:45,2021-07-12 16:30
3015,1004,11,2021-07-12 10:45,2021-07-12 12:15
3017,1005,18,2021-06-29 12:00,2021-06-29 12:45
3029,1009,38,2025-08-18 10:15,2025-08-18 11:00
3031,1009,32,2025-08-18 16:15,2025-08-18 17:00
3043,1014,62,2025-05-26 12:30,2025-05-26 13:30
3044,1014,63,2025-05-26 09:00,2025-05-26 09:45
3045,1014,66,2025-05-26 10:00,2025-05-26 10:45
3046,1014,61,2025-05-26 11:00,2025-05-26 12:00
3048,1015,65,2025-05-21 08:30,2025-05-21 10:00
3069,1022,33,2023-06-15 12:00,2023-06-15 13:00
3071,1023,35,2023-06-26 12:30,2023-06-26 13:30
3072,1023,38,2023-06-26 17:00,2023-06-26 17:45
3073,1023,31,2023-06-26 09:45,2023-06-26 10:30
3083,1027,79,2022-11-21 11:00,2022-11-21 12:30
3084,1027,78,2022-11-21 14:45,2022-11-21 15:30
3085,1027,74,2022-11-21 08:15,2022-11-21 09:45
3086,1027,77,2022-11-21 13:45,2022-11-21 14:45
3088,1028,74,2022-11-28 08:00,2022-11-28 09:30
3091,1029,77,2022-11-28 15:15,2022-11-28 16:00
3100,1032,13,2025-04-07 15:00,2025-04-07 16:00
3121,1039,57,2024-12-04 10:15,2024-12-04 11:15
3128,1041,65,2024-10-28 15:45,2024-10-28 16:30
3131,1042,69,2024-11-04 09:00,2024-11-04 10:30
3137,1044,65,2024-11-05 17:15,2024-11-05 18:00
3138,1044,62,2024-11-05 14:00,2024-11-05 14:45
3139,1044,62,2024-11-05 15:15,2024-11-05 16:00
3140,1044,61,2024-11-05 11:45,2024-11-05 13:15
3151,1048,31,2025-07-21 14:00,2025-07-21 15:30
3153,1048,33,2025-07-21 10:30,2025-07-21 11:15
3154,1049,40,2025-07-21 08:30,2025-07-21 09:30
3155,1049,35,2025-07-21 17:30,2025-07-21 18:15
3156,1049,36,2025-07-21 11:30,2025-07-21 12:15
3157,1049,40,2025-07-21 09:30,2025-07-21 10:30
3174,1056,14,2023-06-12 08:15,2023-06-12 09:45
3175,1056,12,2023-06-12 10:00,2023-06-12 10:45
3176,1056,16,2023-06-12 15:15,2023-06-12 16:15
3178,1057,37,2021-04-26 11:45,2021-04-26 12:45
3181,1058,39,2021-04-20 14:15,2021-04-20 15:15
3182,1059,31,2021-04-19 14:15,2021-04-19 15:00
3183,1059,31,2021-04-19 15:45,2021-04-19 16:30
3184,1059,37,2021-04-19 12:30,2021-04-19 13:30
3185,1060,33,2021-04-26 08:00,2021-04-26 08:45
3186,1060,40,2021-04-26 16:00,2021-04-26 16:45
3194,1063,15,2022-09-05 15:30,2022-09-05 16:30
3195,1063,20,2022-09-05 13:15,2022-09-05 14:45
3196,1063,14,2022-09-05 17:45,2022-09-05 19:15
3201,1065,11,2022-09-19 08:00,2022-09-19 09:30
3202,1065,14,2022-09-19 17:45,2022-09-19 18:30
3207,1067,13,2022-09-14 15:00,2022-09-14 16:30
3208,1067,20,2022-09-14 09:45,2022-09-14 10:30
3209,1067,16,2022-09-14 16:45,2022-09-14 17:30
3210,1068,15,2022-09-07 17:00,2022-09-07 17:45
3211,1068,16,2022-09-07 08:15,2022-09-07 09:15
3212,1068,17,2022-09-07 10:30,2022-09-07 11:15
3213,1068,15,2022-09-07 17:45,2022-09-07 19:15
3215,1069,69,2024-06-11 16:45,2024-06-11 18:15
3217,1070,61,2024-06-24 11:30,2024-06-24 12:30
3218,1070,65,2024-06-24 12:45,2024-06-24 14:15
3228,1073,61,2024-06-13 09:45,2024-06-13 10:45
3231,1074,10,2023-11-13 08:30,2023-11-13 10:00
3291,1095,76,2023-04-19 17:30,2023-04-19 18:30
3292,1095,74,2023-04-19 15:00,2023-04-19 15:45
3293,1095,79,2023-04-19 09:00,2023-04-19 09:45
3294,1095,71,2023-04-19 12:15,2023-04-19 13:45
3295,1096,38,2024-03-18 11:00,2024-03-18 11:45
3296,1096,36,2024-03-18 13:15,2024-03-18 14:15
3297,1096,39,2024-03-18 14:15,2024-03-18 15:00
3298,1096,40,2024-03-18 10:15,2024-03-18 11:00
3299,1097,35,2024-03-04 13:00,2024-03-04 14:30
3300,1097,37,2024-03-04 09:00,2024-03-04 09:45
3301,1097,38,2024-03-04 09:45,2024-03-04 10:30
3310,1100,36,2024-03-11 12:45,2024-03-11 13:45
3313,1101,31,2024-03-11 17:15,2024-03-11 18:00
3322,1104,37,2024-09-02 14:00,2024-09-02 15:00
3324,1104,35,2024-09-02 13:15,2024-09-02 14:00
3325,1105,37,2024-09-09 14:30,2024-09-09 15:30
3326,1105,36,2024-09-09 08:15,2024-09-09 09:00
3327,1106,35,2024-09-03 10:30,2024-09-03 11:15
3328,1106,32,2024-09-03 14:45,2024-09-03 16:15
3329,1106,35,2024-09-03 16:30,2024-09-03 17:15
3330,1107,40,2024-04-15 12:30,2024-04-15 13:15
3331,1107,32,2024-04-15 08:30,2024-04-15 09:15
3332,1107,33,2024-04-15 13:30,2024-04-15 15:00
3333,1107,36,2024-04-15 09:45,2024-04-15 10:45
3342,1110,35,2024-04-17 15:15,2024-04-17 16:45
3343,1110,35,2024-04-17 11:15,2024-04-17 12:45
3344,1110,32,2024-04-17 13:15,2024-04-17 14:45
3345,1110,37,2024-04-17 08:00,2024-04-17 08:45
3347,1111,13,2025-02-19 14:00,2025-02-19 15:00
3349,1111,12,2025-02-19 11:45,2025-02-19 12:45
3351,1112,12,2025-02-12 11:00,2025-02-12 12:00
3352,1113,14,2025-02-17 08:00,2025-02-17 09:30
3353,1113,17,2025-02-17 14:15,2025-02-17 15:00
3357,1115,12,2025-02-11 15:45,2025-02-11 16:30
3358,1115,17,2025-02-11 13:45,2025-02-11 14:45
3359,1115,16,2025-02-11 09:45,2025-02-11 11:15
3360,1115,12,2025-02-11 08:30,2025-02-11 09:15
3362,1116,37,2024-01-22 15:45,2024-01-22 17:15
3369,1119,38,2024-01-18 11:45,2024-01-18 12:30
3371,1120,31,2024-01-22 17:15,2024-01-22 18:15
3377,1122,36,2024-01-22 17:45,2024-01-22 19:15
3390,1127,92,2023-04-04 11:30,2023-04-04 12:30
3391,1127,92,2023-04-04 09:30,2023-04-04 10:15
3392,1127,94,2023-04-04 17:45,2023-04-04 19:15
3393,1127,95,2023-04-04 08:00,2023-04-04 08:45
3401,1130,33,2021-10-04 15:00,2021-10-04 16:00
3409,1133,34,2021-10-06 10:45,2021-10-06 11:30
3410,1133,34,2021-10-06 17:30,2021-10-06 19:00
3415,1135,36,2021-10-04 16:00,2021-10-04 16:45
3417,1135,33,2021-10-04 12:45,2021-10-04 13:45
3425,1138,2,2022-10-17 09:15,2022-10-17 10:45
3428,1139,9,2022-10-24 15:00,2022-10-24 16:30
3431,1140,6,2023-06-19 12:15,2023-06-19 13:15
3444,1145,37,2025-06-09 11:00,2025-06-09 11:45
3446,1146,38,2025-06-10 15:15,2025-06-10 16:15
3447,1147,31,2025-06-16 11:00,2025-06-16 12:00
3448,1147,37,2025-06-16 15:30,2025-06-16 16:15
3454,1149,39,2025-06-09 09:00,2025-06-09 10:00
3457,1150,28,2022-01-31 17:15,2022-01-31 18:15
3460,1151,28,2022-01-31 11:15,2022-01-31 12:00
3463,1153,23,2022-01-25 17:30,2022-01-25 18:15
3464,1153,24,2022-01-25 11:45,2022-01-25 12:45
3465,1153,29,2022-01-25 08:45,2022-01-25 09:30
3466,1154,27,2022-01-24 08:00,2022-01-24 08:45
3467,1154,22,2022-01-24 15:00,2022-01-24 16:30
3468,1154,21,2022-01-24 11:00,2022-01-24 12:30
3469,1154,27,2022-01-24 09:00,2022-01-24 10:00
3470,1155,87,2024-03-28 12:00,2024-03-28 13:00
3471,1155,85,2024-03-28 10:15,2024-03-28 11:15
3473,1156,89,2024-03-25 13:15,2024-03-25 14:45
3475,1156,87,2024-03-25 11:30,2024-03-25 12:15
3477,1157,85,2024-04-02 15:00,2024-04-02 16:00
3479,1157,81,2024-04-02 11:00,2024-04-02 12:00
3487,1160,66,2025-05-13 12:30,2025-05-13 13:30
3490,1161,68,2025-05-21 12:30,2025-05-21 14:00
3496,1163,36,2023-03-06 15:15,2023-03-06 16:00
3497,1163,33,2023-03-06 08:00,2023-03-06 09:00
3498,1163,38,2023-03-06 16:30,2023-03-06 18:00
3499,1163,33,2023-03-06 11:45,2023-03-06 12:30
3500,1164,36,2023-03-06 13:45,2023-03-06 14:45
3501,1164,40,2023-03-06 14:45,2023-03-06 16:15
3502,1164,31,2023-03-06 11:45,2023-03-06 12:30
3504,1165,37,2023-03-07 14:45,2023-03-07 15:30
3506,1166,12,2021-03-29 10:00,2021-03-29 10:45
3507,1166,11,2021-03-29 13:00,2021-03-29 14:30
3509,1167,16,2021-03-31 14:45,2021-03-31 15:30
3513,1169,18,2021-03-22 12:15,2021-03-22 13:00
3514,1169,19,2021-03-22 15:30,2021-03-22 16:30
3515,1169,14,2021-03-22 13:00,2021-03-22 13:45
3516,1170,14,2021-03-22 10:00,2021-03-22 11:00
3517,1170,11,2021-03-22 17:30,2021-03-22 19:00
3518,1170,16,2021-03-22 11:30,2021-03-22 12:15
3519,1170,18,2021-03-22 16:30,2021-03-22 17:30
3520,1171,12,2021-03-22 08:45,2021-03-22 09:45
3521,1171,16,2021-03-22 15:30,2021-03-22 17:00
3522,1171,17,2021-03-22 17:00,2021-03-22 17:45
3523,1171,11,2021-03-22 12:15,2021-03-22 13:15
3526,1173,11,2021-03-29 10:15,2021-03-29 11:00
3527,1173,18,2021-03-29 08:15,2021-03-29 09:45
3528,1173,18,2021-03-29 16:30,2021-03-29 18:00
3529,1174,8,2023-03-27 10:45,2023-03-27 11:30
3530,1174,8,2023-03-27 15:00,2023-03-27 16:00
3551,1182,21,2024-07-15 08:15,2024-07-15 09:15
3552,1182,21,2024-07-15 10:15,2024-07-15 11:15
3553,1182,30,2024-07-15 11:45,2024-07-15 12:45
3554,1182,30,2024-07-15 16:30,2024-07-15 17:15
3559,1184,27,2024-07-25 14:30,2024-07-25 15:30
3560,1184,22,2024-07-25 10:15,2024-07-25 11:15
3561,1184,28,2024-07-25 17:00,2024-07-25 17:45
3562,1184,29,2024-07-25 13:00,2024-07-25 13:45
3563,1185,22,2024-07-22 13:15,2024-07-22 14:00
3564,1185,30,2024-07-22 09:45,2024-07-22 10:45
3565,1185,29,2024-07-22 14:15,2024-07-22 15:00
3567,1186,23,2024-07-23 12:30,2024-07-23 13:15
3570,1187,21,2024-07-22 16:45,2024-07-22 17:30
3572,1188,4,2023-04-20 08:00,2023-04-20 08:45
3573,1188,9,2023-04-20 11:15,2023-04-20 12:45
3574,1189,4,2023-04-17 10:30,2023-04-17 12:00
3575,1189,10,2023-04-17 13:00,2023-04-17 14:30
3576,1189,6,2023-04-17 15:00,2023-04-17 16:00
3582,1191,9,2023-04-18 12:30,2023-04-18 13:15
3588,1193,44,2022-05-24 09:00,2022-05-24 10:00
3589,1193,41,2022-05-24 16:45,2022-05-24 17:30
3590,1193,43,2022-05-24 11:00,2022-05-24 11:45
3591,1193,45,2022-05-24 14:45,2022-05-24 16:15
3603,1197,47,2022-05-26 16:15,2022-05-26 17:15
3605,1198,41,2022-05-16 11:30,2022-05-16 12:30
3606,1198,41,2022-05-16 16:15,2022-05-16 17:45
3607,1198,47,2022-05-16 14:45,2022-05-16 15:45
3609,1199,42,2022-05-16 10:00,2022-05-16 11:30
3611,1200,25,2025-11-03 08:15,2025-11-03 09:15
3613,1200,23,2025-11-03 13:45,2025-11-03 14:30
3620,1203,22,2025-11-04 13:00,2025-11-04 13:45
3621,1203,22,2025-11-04 11:45,2025-11-04 12:30
3622,1204,24,2025-10-27 11:45,2025-10-27 12:45
3623,1204,26,2025-10-27 16:30,2025-10-27 18:00
3624,1204,24,2025-10-27 08:45,2025-10-27 10:15
3626,1205,21,2025-10-28 17:30,2025-10-28 18:30
3628,1205,25,2025-10-28 09:15,2025-10-28 10:00
3632,1207,56,2024-07-08 12:45,2024-07-08 13:45
3638,1209,32,2023-07-26 10:30,2023-07-26 12:00
3647,1212,33,2023-07-24 08:30,2023-07-24 09:15
3659,1216,4,2024-04-08 12:00,2024-04-08 13:30
3661,1216,1,2024-04-08 16:30,2024-04-08 18:00
3667,1218,9,2024-04-08 17:30,2024-04-08 19:00
3669,1218,6,2024-04-08 08:15,2024-04-08 09:45
3689,1224,94,2021-06-28 16:30,2021-06-28 17:30
3691,1224,93,2021-06-28 09:45,2021-06-28 10:45
3692,1225,98,2021-06-21 16:30,2021-06-21 17:15
3693,1225,97,2021-06-21 12:15,2021-06-21 13:00
3694,1225,96,2021-06-21 14:30,2021-06-21 16:00
3703,1228,96,2021-06-14 10:45,2021-06-14 11:45
3705,1228,98,2021-06-14 09:45,2021-06-14 10:45
3709,1230,98,2021-06-21 10:15,2021-06-21 11:00
3710,1230,97,2021-06-21 08:30,2021-06-21 09:30
3711,1231,21,2022-03-07 09:45,2022-03-07 11:15
3712,1231,23,2022-03-07 13:00,2022-03-07 13:45
3714,1232,23,2022-03-08 09:30,2022-03-08 10:30
3716,1233,22,2022-03-21 13:15,2022-03-21 14:00
3717,1233,30,2022-03-21 08:45,2022-03-21 09:30
3718,1234,24,2022-03-10 14:00,2022-03-10 15:00
3719,1234,28,2022-03-10 09:45,2022-03-10 11:15
3720,1234,24,2022-03-10 12:15,2022-03-10 13:00
3721,1234,22,2022-03-10 15:30,2022-03-10 16:15
3728,1237,26,2022-03-07 15:15,2022-03-07 16:45
3729,1237,24,2022-03-07 14:15,2022-03-07 15:15
3731,1238,21,2022-03-08 14:30,2022-03-08 15:30
3734,1239,83,2022-06-15 17:00,2022-06-15 18:30
3737,1240,84,2022-06-08 08:00,2022-06-08 09:00
3739,1240,84,2022-06-08 15:30,2022-06-08 16:15
3743,1242,89,2022-06-14 13:15,2022-06-14 14:15
3744,1242,87,2022-06-14 17:45,2022-06-14 19:15
3745,1242,90,2022-06-14 14:30,2022-06-14 16:00
3747,1243,57,2024-07-08 14:45,2024-07-08 15:30
3749,1243,58,2024-07-08 13:45,2024-07-08 14:30
3750,1244,51,2024-07-08 17:30,2024-07-08 18:15
3751,1244,56,2024-07-08 10:15,2024-07-08 11:15
3752,1244,51,2024-07-08 08:15,2024-07-08 09:00
3754,1245,54,2024-07-08 15:15,2024-07-08 16:00
3755,1246,15,2022-12-13 10:45,2022-12-13 11:30
3756,1246,15,2022-12-13 16:00,2022-12-13 17:30
3758,1247,13,2022-12-20 17:15,2022-12-20 18:45
3763,1249,17,2022-12-26 17:15,2022-12-26 18:45
3767,1251,11,2022-12-26 16:15,2022-12-26 17:00
3768,1251,17,2022-12-26 08:30,2022-12-26 09:15
3774,1254,56,2024-05-22 13:45,2024-05-22 14:30
3775,1254,60,2024-05-22 15:00,2024-05-22 16:30
3776,1254,57,2024-05-22 09:15,2024-05-22 10:15
3777,1255,52,2024-05-23 10:15,2024-05-23 11:00
3778,1255,57,2024-05-23 11:45,2024-05-23 13:15
3779,1256,57,2024-05-29 17:00,2024-05-29 17:45
3780,1256,59,2024-05-29 17:45,2024-05-29 18:30
3781,1256,54,2024-05-29 15:30,2024-05-29 16:30
3786,1258,52,2024-06-04 17:00,2024-06-04 17:45
3787,1258,53,2024-06-04 13:15,2024-06-04 14:15
3788,1258,59,2024-06-04 10:15,2024-06-04 11:45
3789,1258,56,2024-06-04 12:15,2024-06-04 13:15
3790,1259,59,2024-06-03 16:45,2024-06-03 17:45
3791,1259,60,2024-06-03 09:00,2024-06-03 09:45
3792,1260,58,2024-05-27 08:45,2024-05-27 09:30
3793,1260,59,2024-05-27 11:15,2024-05-27 12:00
3795,1261,25,2022-01-17 16:45,2022-01-17 18:15
3806,1265,28,2022-01-31 15:15,2022-01-31 16:15
3812,1267,28,2022-01-17 17:00,2022-01-17 18:00
3813,1267,28,2022-01-17 11:45,2022-01-17 13:15
3815,1268,36,2022-09-26 08:45,2022-09-26 09:30
3817,1269,32,2022-09-15 15:00,2022-09-15 16:00
3818,1269,31,2022-09-15 10:45,2022-09-15 12:15
3819,1269,36,2022-09-15 12:45,2022-09-15 13:30
3821,1270,35,2022-09-21 16:15,2022-09-21 17:00
3828,1273,28,2021-03-08 14:00,2021-03-08 14:45
3829,1273,28,2021-03-08 16:00,2021-03-08 17:00
3830,1273,23,2021-03-08 08:15,2021-03-08 09:00
3831,1273,27,2021-03-08 13:00,2021-03-08 13:45
3838,1276,27,2021-03-17 13:00,2021-03-17 14:30
3845,1278,29,2021-03-22 17:00,2021-03-22 18:30
3853,1281,19,2023-05-09 09:45,2023-05-09 10:30
3855,1282,18,2023-05-10 11:45,2023-05-10 12:30
3856,1282,20,2023-05-10 17:30,2023-05-10 18:30
3857,1282,11,2023-05-10 09:30,2023-05-10 10:15
3858,1283,11,2023-05-08 14:45,2023-05-08 16:15
3859,1283,14,2023-05-08 12:45,2023-05-08 13:30
3861,1284,16,2023-05-08 13:30,2023-05-08 14:30
3866,1286,34,2023-10-24 12:30,2023-10-24 14:00
3875,1289,35,2023-10-24 15:30,2023-10-24 17:00
3876,1289,37,2023-10-24 10:30,2023-10-24 11:30
3877,1289,38,2023-10-24 12:00,2023-10-24 13:00
3878,1289,33,2023-10-24 08:30,2023-10-24 10:00
3880,1290,20,2023-01-11 08:15,2023-01-11 09:45
3888,1293,17,2023-01-18 14:00,2023-01-18 15:30
3889,1293,15,2023-01-18 12:15,2023-01-18 13:15
3890,1293,11,2023-01-18 10:00,2023-01-18 10:45
3891,1293,16,2023-01-18 10:45,2023-01-18 12:15
3899,1296,29,2024-07-29 17:15,2024-07-29 18:15
3900,1296,26,2024-07-29 10:15,2024-07-29 11:45
3901,1296,24,2024-07-29 13:00,2024-07-29 14:30
3902,1296,27,2024-07-29 08:00,2024-07-29 08:45
3908,1298,29,2024-08-05 14:30,2024-08-05 15:15
3916,1301,72,2021-06-14 09:30,2021-06-14 10:30
3923,1304,7,2021-06-21 09:00,2021-06-21 10:00
3924,1304,2,2021-06-21 13:15,2021-06-21 14:45
3925,1304,2,2021-06-21 17:00,2021-06-21 18:00
3927,1305,7,2021-06-14 17:00,2021-06-14 17:45
3937,1308,8,2021-06-21 17:15,2021-06-21 18:15
3939,1308,7,2021-06-21 11:15,2021-06-21 12:00
3941,1309,7,2021-06-28 13:30,2021-06-28 14:15
3943,1309,9,2021-06-28 17:45,2021-06-28 18:30
3944,1310,10,2021-06-22 11:45,2021-06-22 12:45
3945,1310,3,2021-06-22 16:00,2021-06-22 17:30
3949,1312,24,2021-11-09 10:15,2021-11-09 11:45
3960,1316,13,2024-02-06 13:15,2024-02-06 14:00
3962,1317,20,2024-01-29 10:45,2024-01-29 12:15
3964,1318,15,2024-02-01 17:45,2024-02-01 19:15
3965,1318,17,2024-02-01 11:30,2024-02-01 12:30
3966,1318,14,2024-02-01 13:45,2024-02-01 14:30
3968,1319,16,2024-02-05 12:00,2024-02-05 13:30
3974,1321,17,2024-02-05 17:15,2024-02-05 18:00
3975,1321,15,2024-02-05 12:15,2024-02-05 13:15
3983,1324,20,2021-02-17 13:30,2021-02-17 14:15
3984,1324,17,2021-02-17 16:30,2021-02-17 17:15
3985,1324,12,2021-02-17 10:45,2021-02-17 11:45
3991,1326,12,2021-02-10 17:30,2021-02-10 19:00
3996,1328,12,2021-02-22 10:00,2021-02-22 10:45
3997,1328,19,2021-02-22 14:30,2021-02-22 15:15
3998,1328,15,2021-02-22 12:45,2021-02-22 13:30
4000,1329,44,2022-10-27 10:15,2022-10-27 11:45
4007,1332,42,2022-10-27 08:00,2022-10-27 09:00
4008,1332,46,2022-10-27 17:15,2022-10-27 18:45
4012,1334,42,2022-11-07 17:15,2022-11-07 18:15
4016,1336,36,2024-06-17 17:45,2024-06-17 19:15
4020,1338,37,2024-01-15 08:15,2024-01-15 09:00
4021,1338,36,2024-01-15 09:00,2024-01-15 10:00
4027,1341,40,2024-01-11 16:15,2024-01-11 17:00
4028,1341,35,2024-01-11 15:15,2024-01-11 16:15
4029,1341,40,2024-01-11 13:15,2024-01-11 14:15
4030,1341,37,2024-01-11 09:30,2024-01-11 10:15
4031,1342,39,2024-01-18 16:45,2024-01-18 18:15
4032,1342,32,2024-01-18 09:30,2024-01-18 10:30
4034,1343,39,2025-02-03 16:30,2025-02-03 18:00
4039,1345,38,2025-01-27 14:00,2025-01-27 15:00
4041,1345,33,2025-01-27 17:45,2025-01-27 18:30
4042,1346,34,2025-01-29 11:45,2025-01-29 13:15
4043,1346,40,2025-01-29 08:45,2025-01-29 09:45
4044,1346,38,2025-01-29 13:30,2025-01-29 14:15
4045,1346,40,2025-01-29 15:15,2025-01-29 16:00
4046,1347,74,2021-02-08 11:15,2021-02-08 12:00
4047,1347,79,2021-02-08 15:15,2021-02-08 16:00
4048,1347,78,2021-02-08 16:15,2021-02-08 17:45
4050,1348,74,2021-02-10 14:00,2021-02-10 15:00
4065,1353,64,2024-09-19 17:45,2024-09-19 18:30
4070,1355,64,2024-09-25 11:00,2024-09-25 12:30
4071,1355,65,2024-09-25 13:30,2024-09-25 15:00
4081,1359,39,2022-10-10 14:15,2022-10-10 15:00
4087,1362,8,2023-08-14 16:00,2023-08-14 17:30
4088,1362,2,2023-08-14 10:30,2023-08-14 11:30
4089,1362,5,2023-08-14 08:45,2023-08-14 10:15
4090,1362,4,2023-08-14 15:00,2023-08-14 15:45
4098,1365,10,2023-08-09 17:45,2023-08-09 18:45
4100,1366,7,2023-08-14 08:15,2023-08-14 09:45
4101,1366,5,2023-08-14 15:30,2023-08-14 16:15
4102,1366,10,2023-08-14 14:30,2023-08-14 15:15
4103,1366,10,2023-08-14 16:45,2023-08-14 18:15
4104,1367,64,2025-02-17 15:15,2025-02-17 16:45
4105,1367,62,2025-02-17 13:45,2025-02-17 14:45
4106,1367,69,2025-02-17 12:00,2025-02-17 13:00
4107,1368,66,2025-02-03 13:00,2025-02-03 13:45
4108,1368,65,2025-02-03 09:00,2025-02-03 10:30
4115,1371,31,2021-04-26 16:45,2021-04-26 17:30
4116,1371,33,2021-04-26 14:45,2021-04-26 15:45
4117,1371,38,2021-04-26 08:45,2021-04-26 09:45
4122,1374,36,2021-05-03 15:15,2021-05-03 16:00
4123,1374,33,2021-05-03 16:30,2021-05-03 17:15
4124,1374,32,2021-05-03 08:00,2021-05-03 09:30
4125,1374,37,2021-05-03 11:30,2021-05-03 12:15
4135,1377,44,2025-07-28 11:15,2025-07-28 12:00
4136,1378,45,2025-07-21 09:30,2025-07-21 10:15
4137,1378,43,2025-07-21 13:30,2025-07-21 15:00
4138,1378,42,2025-07-21 12:00,2025-07-21 13:30
4139,1378,42,2025-07-21 15:00,2025-07-21 16:30
4152,1383,4,2024-09-09 14:15,2024-09-09 15:00
4153,1383,2,2024-09-09 17:00,2024-09-09 18:00
4155,1384,4,2024-09-11 13:00,2024-09-11 14:00
4164,1388,29,2025-08-05 17:45,2025-08-05 18:30
4165,1388,26,2025-08-05 10:15,2025-08-05 11:45
4176,1392,76,2022-07-04 14:00,2022-07-04 14:45
4177,1392,74,2022-07-04 12:15,2022-07-04 13:45
4178,1392,79,2022-07-04 09:15,2022-07-04 10:00
4179,1392,76,2022-07-04 15:15,2022-07-04 16:45
4189,1396,79,2022-06-27 08:15,2022-06-27 09:00
4191,1396,73,2022-06-27 15:15,2022-06-27 16:15
4192,1397,37,2024-10-28 16:30,2024-10-28 17:30
4193,1397,39,2024-10-28 17:45,2024-10-28 18:30
4194,1397,38,2024-10-28 14:45,2024-10-28 15:30
4196,1398,39,2024-10-28 09:30,2024-10-28 10:30
4198,1398,33,2024-10-28 08:30,2024-10-28 09:30
4200,1399,33,2024-10-28 16:30,2024-10-28 17:30
4205,1401,37,2024-11-04 14:45,2024-11-04 16:15
4207,1401,32,2024-11-04 09:45,2024-11-04 10:30
4208,1402,13,2022-06-20 15:00,2022-06-20 16:30
4209,1402,14,2022-06-20 08:30,2022-06-20 10:00
4210,1402,12,2022-06-20 12:00,2022-06-20 13:30
4216,1404,17,2022-06-20 15:00,2022-06-20 16:00
4221,1406,16,2022-06-16 16:45,2022-06-16 18:15
4223,1407,19,2022-06-20 13:45,2022-06-20 14:45
4225,1407,16,2022-06-20 15:45,2022-06-20 16:30
4227,1408,17,2022-06-27 16:15,2022-06-27 17:00
4229,1409,32,2022-08-31 14:30,2022-08-31 15:30
4241,1413,80,2024-07-03 09:45,2024-07-03 11:15
4245,1415,76,2024-07-08 09:30,2024-07-08 10:30
4246,1415,74,2024-07-08 17:45,2024-07-08 18:30
4247,1415,80,2024-07-08 10:45,2024-07-08 11:30
4249,1416,72,2024-07-11 13:30,2024-07-11 14:15
4251,1416,79,2024-07-11 09:00,2024-07-11 10:00
4254,1418,77,2024-07-11 15:15,2024-07-11 16:00
4255,1418,77,2024-07-11 10:15,2024-07-11 11:15
4256,1418,74,2024-07-11 14:00,2024-07-11 15:00
4257,1418,79,2024-07-11 13:15,2024-07-11 14:00
4266,1421,86,2023-10-16 09:00,2023-10-16 10:30
4268,1422,86,2023-10-16 08:30,2023-10-16 10:00
4270,1422,84,2023-10-16 17:30,2023-10-16 18:30
4271,1423,82,2023-10-18 13:30,2023-10-18 15:00
4272,1423,90,2023-10-18 10:00,2023-10-18 11:00
4273,1423,89,2023-10-18 17:15,2023-10-18 18:00
4274,1423,84,2023-10-18 08:00,2023-10-18 09:00
4277,1425,86,2023-10-09 11:30,2023-10-09 13:00
4278,1425,87,2023-10-09 13:00,2023-10-09 14:30
4283,1428,54,2021-08-02 16:15,2021-08-02 17:00
4284,1428,58,2021-08-02 14:00,2021-08-02 15:00
4285,1428,54,2021-08-02 12:45,2021-08-02 13:30
4287,1429,56,2021-08-04 14:30,2021-08-04 16:00
4289,1430,53,2021-07-28 14:15,2021-07-28 15:45
4294,1432,53,2021-08-09 15:30,2021-08-09 16:30
4295,1432,55,2021-08-09 17:45,2021-08-09 18:30
4296,1432,59,2021-08-09 09:00,2021-08-09 10:00
4298,1433,56,2021-08-09 12:45,2021-08-09 13:30
4300,1434,59,2021-08-02 12:00,2021-08-02 13:30
4302,1435,1,2021-11-29 16:45,2021-11-29 17:45
4303,1435,3,2021-11-29 14:45,2021-11-29 15:30
4304,1435,7,2021-11-29 15:30,2021-11-29 16:15
4306,1436,7,2021-12-06 09:00,2021-12-06 09:45
4308,1436,10,2021-12-06 11:00,2021-12-06 11:45
4312,1438,2,2021-12-06 15:45,2021-12-06 17:15
4313,1438,8,2021-12-06 11:45,2021-12-06 12:45
4314,1438,6,2021-12-06 08:30,2021-12-06 09:15
4315,1438,8,2021-12-06 10:30,2021-12-06 11:15
4317,1439,6,2021-11-30 11:15,2021-11-30 12:45
4319,1440,3,2021-12-02 12:30,2021-12-02 13:15
4326,1442,80,2021-11-29 16:15,2021-11-29 17:00
4332,1444,73,2021-11-25 11:00,2021-11-25 12:30
4339,1447,80,2021-11-29 11:00,2021-11-29 12:00
4340,1447,73,2021-11-29 17:15,2021-11-29 18:00
4341,1447,71,2021-11-29 15:15,2021-11-29 16:15
4342,1448,77,2021-11-29 12:15,2021-11-29 13:45
4343,1448,79,2021-11-29 16:00,2021-11-29 16:45
4344,1448,80,2021-11-29 11:00,2021-11-29 12:00
4345,1448,73,2021-11-29 14:45,2021-11-29 15:45
4346,1449,72,2021-11-30 08:45,2021-11-30 09:45
4347,1449,71,2021-11-30 10:45,2021-11-30 11:45
4348,1449,72,2021-11-30 12:30,2021-11-30 13:30
4349,1449,76,2021-11-30 17:15,2021-11-30 18:00
4360,1453,85,2022-11-01 11:30,2022-11-01 13:00
4361,1453,83,2022-11-01 08:15,2022-11-01 09:45
4364,1455,81,2022-10-31 10:45,2022-10-31 11:30
4365,1455,85,2022-10-31 15:15,2022-10-31 16:00
4366,1455,81,2022-10-31 10:00,2022-10-31 10:45
4369,1457,1,2024-08-22 13:45,2024-08-22 15:15
4370,1457,10,2024-08-22 10:30,2024-08-22 12:00
4383,1462,9,2024-08-26 14:15,2024-08-26 15:45
4384,1462,6,2024-08-26 10:30,2024-08-26 11:15
4385,1462,6,2024-08-26 12:30,2024-08-26 13:15
4389,1464,49,2022-09-19 10:30,2022-09-19 11:15
4390,1465,48,2022-09-22 13:15,2022-09-22 14:45
4391,1465,44,2022-09-22 16:00,2022-09-22 17:00
4393,1466,47,2022-09-14 08:15,2022-09-14 09:00
4395,1466,46,2022-09-14 17:00,2022-09-14 17:45
4397,1467,50,2022-09-26 13:00,2022-09-26 14:00
4399,1467,42,2022-09-26 16:15,2022-09-26 17:15
4401,1468,47,2022-09-19 17:45,2022-09-19 18:45
4402,1469,44,2022-09-21 16:15,2022-09-21 17:45
4403,1469,41,2022-09-21 13:45,2022-09-21 14:45
4414,1473,82,2024-04-29 14:00,2024-04-29 15:30
4415,1473,90,2024-04-29 17:15,2024-04-29 18:45
4422,1476,79,2023-11-15 12:00,2023-11-15 13:00
4423,1476,79,2023-11-15 14:00,2023-11-15 15:30
4424,1476,76,2023-11-15 09:00,2023-11-15 10:00
4425,1476,79,2023-11-15 15:45,2023-11-15 16:30
4426,1477,75,2023-11-15 14:00,2023-11-15 15:00
4427,1477,72,2023-11-15 08:30,2023-11-15 09:15
4432,1480,77,2023-11-06 11:45,2023-11-06 12:45
4433,1480,71,2023-11-06 10:15,2023-11-06 11:45
4434,1480,80,2023-11-06 13:45,2023-11-06 15:15
4435,1480,71,2023-11-06 16:30,2023-11-06 18:00
4438,1482,57,2025-05-19 14:45,2025-05-19 16:15
4439,1482,59,2025-05-19 10:00,2025-05-19 10:45
4440,1482,60,2025-05-19 08:30,2025-05-19 09:30
4441,1482,56,2025-05-19 17:00,2025-05-19 18:30
4442,1483,56,2025-05-26 16:30,2025-05-26 17:30
4443,1483,60,2025-05-26 08:30,2025-05-26 10:00
4444,1483,60,2025-05-26 10:00,2025-05-26 11:00
4446,1484,7,2021-12-29 12:45,2021-12-29 13:45
4448,1484,9,2021-12-29 11:15,2021-12-29 12:15
4453,1487,1,2022-01-10 08:45,2022-01-10 09:30
4454,1487,3,2022-01-10 12:00,2022-01-10 13:00
4455,1487,5,2022-01-10 09:30,2022-01-10 11:00
4457,1488,4,2022-01-03 09:30,2022-01-03 10:15
4461,1490,1,2021-12-30 08:00,2021-12-30 09:30
4463,1490,4,2021-12-30 17:00,2021-12-30 18:00
4472,1493,53,2025-10-27 12:15,2025-10-27 13:00
4473,1494,53,2025-10-27 12:00,2025-10-27 13:30
4474,1494,59,2025-10-27 09:00,2025-10-27 10:00
4475,1494,54,2025-10-27 13:30,2025-10-27 14:15
4477,1495,54,2025-10-27 17:45,2025-10-27 18:45
4480,1496,57,2025-10-27 15:45,2025-10-27 16:30
4483,1497,52,2025-10-20 15:15,2025-10-20 16:15
4486,1498,55,2025-10-22 11:30,2025-10-22 13:00
4489,1499,31,2025-09-29 16:45,2025-09-29 17:45
4491,1499,38,2025-09-29 15:00,2025-09-29 16:30
4494,1501,34,2025-09-29 12:15,2025-09-29 13:15
4495,1501,31,2025-09-29 13:45,2025-09-29 14:30
4496,1502,12,2025-04-09 17:30,2025-04-09 19:00
4497,1502,14,2025-04-09 14:00,2025-04-09 14:45
4498,1502,12,2025-04-09 15:30,2025-04-09 16:15
4499,1502,17,2025-04-09 10:30,2025-04-09 11:15
4501,1503,15,2025-04-07 09:00,2025-04-07 09:45
4503,1503,13,2025-04-07 14:45,2025-04-07 15:30
4505,1504,11,2025-03-31 10:00,2025-03-31 10:45
4508,1505,20,2025-04-08 12:45,2025-04-08 13:45
4513,1507,19,2025-04-01 10:00,2025-04-01 11:00
4517,1509,15,2025-03-31 13:00,2025-03-31 14:30
4519,1509,20,2025-03-31 10:15,2025-03-31 11:45
4530,1514,21,2022-01-06 12:15,2022-01-06 13:45
4531,1514,26,2022-01-06 17:30,2022-01-06 19:00
4532,1515,25,2021-12-27 09:15,2021-12-27 10:45
4533,1515,25,2021-12-27 08:30,2021-12-27 09:15
4534,1515,23,2021-12-27 11:45,2021-12-27 12:30
4535,1515,24,2021-12-27 15:00,2021-12-27 15:45
4536,1516,30,2022-01-03 12:15,2022-01-03 13:00
4537,1516,28,2022-01-03 09:00,2022-01-03 09:45
4538,1516,27,2022-01-03 16:30,2022-01-03 17:30
4540,1517,23,2025-10-30 13:00,2025-10-30 14:30
4542,1517,24,2025-10-30 15:00,2025-10-30 16:30
4547,1519,21,2025-10-30 09:45,2025-10-30 11:15
4551,1521,37,2023-12-12 15:15,2023-12-12 16:45
4552,1521,31,2023-12-12 13:15,2023-12-12 14:00
4554,1522,32,2023-12-11 14:00,2023-12-11 15:00
4556,1523,39,2023-12-18 11:45,2023-12-18 12:30
4557,1524,25,2021-02-03 12:15,2021-02-03 13:00
4558,1524,24,2021-02-03 10:30,2021-02-03 12:00
4559,1524,26,2021-02-03 15:30,2021-02-03 16:15
4561,1525,26,2021-01-26 16:00,2021-01-26 16:45
4563,1526,29,2021-01-26 16:30,2021-01-26 18:00
4571,1529,26,2021-02-03 08:45,2021-02-03 10:15
4573,1529,30,2021-02-03 16:15,2021-02-03 17:45
4574,1530,29,2021-01-20 09:45,2021-01-20 11:15
4575,1530,23,2021-01-20 17:30,2021-01-20 19:00
4576,1530,21,2021-01-20 14:45,2021-01-20 16:15
4577,1531,60,2025-05-26 11:30,2025-05-26 13:00
4578,1531,58,2025-05-26 14:30,2025-05-26 15:15
4583,1533,58,2025-05-20 11:00,2025-05-20 11:45
4587,1535,57,2025-05-19 13:15,2025-05-19 14:00
4588,1535,54,2025-05-19 10:15,2025-05-19 11:15
4589,1535,54,2025-05-19 14:15,2025-05-19 15:00
4590,1535,59,2025-05-19 11:30,2025-05-19 12:15
4591,1536,59,2025-05-26 17:00,2025-05-26 18:00
4592,1536,57,2025-05-26 14:00,2025-05-26 15:30
4593,1536,53,2025-05-26 12:15,2025-05-26 13:45
4601,1539,47,2024-02-22 14:00,2024-02-22 15:00
4603,1539,43,2024-02-22 17:30,2024-02-22 18:30
4618,1544,42,2024-03-04 12:45,2024-03-04 14:15
4633,1550,5,2021-09-06 11:30,2021-09-06 12:15
4634,1550,3,2021-09-06 16:00,2021-09-06 17:00
4635,1550,4,2021-09-06 13:15,2021-09-06 14:00
4644,1554,68,2024-12-03 11:30,2024-12-03 12:30
4645,1554,62,2024-12-03 13:00,2024-12-03 14:00
4646,1555,62,2024-12-04 08:00,2024-12-04 09:00
4647,1555,64,2024-12-04 16:30,2024-12-04 17:30
4648,1555,64,2024-12-04 11:00,2024-12-04 11:45
4660,1559,66,2024-12-05 08:45,2024-12-05 09:45
4662,1560,65,2024-12-09 15:30,2024-12-09 17:00
4663,1560,66,2024-12-09 08:30,2024-12-09 09:30
