DetailID,MeetingID,Price,PaymentDate,PaymentStatus
12,1,125,2020-09-07 15:22:54,udana
15,1,125,2020-09-25 07:48:05,udana
12,2,125,2020-09-29 07:51:20,udana
15,2,125,2020-10-12 18:39:48,udana
12,3,125,2020-10-24 16:54:03,udana
15,3,125,2020-10-04 00:55:26,udana
12,4,125,2020-12-22 22:46:47,udana
15,4,125,2021-01-05 00:49:12,udana
12,5,125,2020-11-05 15:35:38,udana
15,5,125,2020-11-03 02:08:07,udana
12,6,125,2020-12-07 00:21:00,udana
15,6,125,2020-11-14 19:26:22,udana
12,7,125,2020-12-27 12:00:52,udana
15,7,125,2021-01-03 16:53:08,udana
12,8,170,2020-09-20 03:34:39,udana
15,8,170,2020-09-05 11:50:08,udana
12,9,170,2020-09-16 04:22:30,udana
15,9,170,2020-09-18 13:57:19,udana
12,10,170,2020-10-04 12:09:20,udana
15,10,170,2020-10-03 05:00:34,udana
12,11,170,2021-01-01 13:52:47,udana
15,11,170,2021-01-03 08:25:40,udana
12,12,170,2020-11-09 03:26:51,udana
15,12,170,2020-11-02 15:22:21,udana
12,13,170,2020-11-13 19:18:23,udana
15,13,170,2020-11-09 01:29:59,udana
12,14,170,2020-12-19 02:29:02,udana
15,14,170,2020-12-09 07:47:38,udana
12,15,90,2020-09-07 06:07:54,udana
15,15,90,2020-09-23 07:39:54,udana
12,16,90,2020-10-07 15:17:14,udana
15,16,90,2020-10-02 12:06:23,udana
12,17,90,2020-10-03 06:48:52,udana
15,17,90,2020-09-29 21:41:48,udana
12,18,90,2020-12-27 16:49:06,udana
15,18,90,2021-01-04 07:54:41,udana
12,19,90,2020-10-27 00:02:29,udana
15,19,90,2020-11-05 00:42:07,udana
12,20,90,2020-12-07 01:01:56,udana
15,20,90,2020-11-13 09:05:03,udana
12,21,90,2020-12-24 14:40:54,udana
15,21,90,2020-12-12 21:29:00,udana
12,22,90,2020-09-04 22:13:29,udana
15,22,90,2020-09-20 09:44:28,udana
12,23,90,2020-09-30 19:09:44,udana
15,23,90,2020-09-22 23:46:40,udana
12,24,90,2020-10-12 05:08:55,udana
15,24,90,2020-10-13 00:04:42,udana
12,25,90,2021-01-16 02:54:30,udana
15,25,90,2021-01-16 19:00:29,udana
12,26,90,2020-11-17 05:34:38,udana
15,26,90,2020-11-23 19:38:28,udana
12,27,90,2020-11-19 15:34:40,udana
15,27,90,2020-12-08 03:50:30,udana
12,28,90,2020-12-20 13:31:01,udana
15,28,90,2020-12-10 11:08:22,udana
12,29,85,2020-09-29 14:33:37,udana
15,29,85,2020-09-18 17:19:35,udana
12,30,85,2020-09-24 06:52:46,udana
15,30,85,2020-10-03 12:47:16,udana
12,31,85,2020-10-17 18:06:01,udana
15,31,85,2020-10-16 21:29:26,udana
12,32,85,2021-01-03 04:04:02,udana
15,32,85,2020-12-24 09:10:36,udana
12,33,85,2020-11-18 09:24:35,udana
15,33,85,2020-10-31 21:56:43,udana
12,34,85,2020-11-18 06:44:55,udana
15,34,85,2020-11-16 08:02:18,udana
12,35,85,2020-12-23 03:05:57,udana
15,35,85,2021-01-01 12:44:13,udana
12,36,150,2021-02-15 04:07:23,udana
15,36,150,2021-02-02 07:46:02,udana
12,37,150,2021-02-23 08:10:44,udana
15,37,150,2021-02-28 04:59:34,udana
12,38,150,2021-03-22 00:09:53,udana
15,38,150,2021-03-21 23:44:03,udana
12,39,150,2021-03-14 15:07:24,udana
15,39,150,2021-04-08 10:03:54,udana
12,40,150,2021-04-29 11:20:18,udana
15,40,150,2021-05-19 15:35:52,udana
12,41,150,2021-06-02 19:08:44,udana
15,41,150,2021-05-24 03:36:20,udana
12,42,150,2021-05-23 17:47:02,udana
15,42,150,2021-05-31 00:01:51,udana
12,43,170,2021-02-21 01:01:49,udana
15,43,170,2021-01-31 19:38:24,udana
12,44,170,2021-03-04 22:55:55,udana
15,44,170,2021-03-11 17:44:22,udana
12,45,170,2021-03-25 00:27:51,udana
15,45,170,2021-03-18 16:06:51,udana
12,46,170,2021-03-19 04:20:07,udana
15,46,170,2021-03-19 02:19:08,udana
12,47,170,2021-05-19 23:48:40,udana
15,47,170,2021-05-06 23:53:14,udana
12,48,170,2021-05-22 09:10:32,udana
15,48,170,2021-06-05 06:18:40,udana
12,49,170,2021-06-03 16:30:14,udana
15,49,170,2021-06-12 03:42:34,udana
12,50,60,2021-02-09 10:54:59,udana
15,50,60,2021-02-24 21:44:16,udana
12,51,60,2021-03-05 08:22:19,udana
15,51,60,2021-03-13 10:52:23,udana
12,52,60,2021-03-24 17:50:48,udana
15,52,60,2021-03-09 07:27:53,udana
12,53,60,2021-03-20 16:37:24,udana
15,53,60,2021-04-14 02:58:47,udana
12,54,60,2021-05-24 23:46:52,udana
15,54,60,2021-05-23 14:45:01,udana
12,55,60,2021-06-08 16:55:37,udana
15,55,60,2021-05-11 11:41:26,udana
12,56,60,2021-06-19 15:43:03,udana
15,56,60,2021-06-07 16:57:39,udana
12,57,75,2021-02-11 01:35:36,udana
15,57,75,2021-03-03 11:27:16,udana
12,58,75,2021-03-08 15:16:46,udana
15,58,75,2021-03-12 13:06:16,udana
12,59,75,2021-03-04 04:22:37,udana
15,59,75,2021-03-06 15:22:50,udana
12,60,75,2021-04-04 00:18:58,udana
15,60,75,2021-04-06 20:49:54,udana
12,61,75,2021-05-23 23:09:32,udana
15,61,75,2021-05-10 02:51:52,udana
12,62,75,2021-06-09 07:17:34,udana
15,62,75,2021-06-02 22:08:50,udana
12,63,75,2021-06-03 23:39:18,udana
15,63,75,2021-05-25 12:04:51,udana
12,64,145,2021-02-18 05:45:53,udana
15,64,145,2021-02-19 10:00:09,udana
12,65,145,2021-02-27 13:18:28,udana
15,65,145,2021-02-19 12:31:56,udana
12,66,145,2021-03-12 18:17:02,udana
15,66,145,2021-03-06 02:17:40,udana
12,67,145,2021-04-08 11:40:17,udana
15,67,145,2021-03-31 03:45:28,udana
12,68,145,2021-05-18 02:00:57,udana
15,68,145,2021-05-11 20:30:32,udana
12,69,145,2021-06-04 15:05:51,udana
15,69,145,2021-05-23 19:10:30,udana
12,70,145,2021-06-24 09:40:46,udana
15,70,145,2021-05-26 15:12:09,udana
12,71,75,2021-08-29 23:47:57,udana
15,71,75,2021-09-17 17:57:26,udana
12,72,75,2021-10-04 07:50:38,udana
15,72,75,2021-10-03 14:03:23,udana
12,73,75,2022-01-23 04:13:51,udana
15,73,75,2022-01-06 07:50:15,udana
12,74,75,2021-12-29 10:28:38,udana
15,74,75,2022-01-05 09:18:17,udana
12,75,75,2021-10-26 20:15:50,udana
15,75,75,2021-11-08 00:18:18,udana
12,76,75,2021-11-13 11:10:17,udana
15,76,75,2021-11-16 07:52:11,udana
12,77,75,2021-12-19 03:06:05,udana
15,77,75,2021-12-28 19:58:47,udana
12,78,115,2021-09-12 02:01:35,udana
15,78,115,2021-09-26 06:17:43,udana
12,79,115,2021-10-08 12:02:45,udana
15,79,115,2021-09-22 09:13:53,udana
12,80,115,2022-01-18 11:33:13,udana
15,80,115,2022-01-22 14:05:35,udana
12,81,115,2021-12-27 21:44:43,udana
15,81,115,2021-12-24 17:28:28,udana
12,82,115,2021-11-20 23:17:10,udana
15,82,115,2021-11-06 08:14:43,udana
12,83,115,2021-11-07 14:47:08,udana
15,83,115,2021-11-15 05:59:15,udana
12,84,115,2021-12-23 01:36:18,udana
15,84,115,2021-12-23 00:19:24,udana
12,85,170,2021-09-03 23:34:38,udana
15,85,170,2021-09-17 23:02:20,udana
12,86,170,2021-09-19 20:49:05,udana
15,86,170,2021-10-07 13:14:33,udana
12,87,170,2022-01-06 21:49:38,udana
15,87,170,2022-01-10 07:09:56,udana
12,88,170,2021-12-22 23:34:36,udana
15,88,170,2022-01-02 23:04:35,udana
12,89,170,2021-11-06 01:09:01,udana
15,89,170,2021-11-21 04:11:57,udana
12,90,170,2021-11-11 05:25:52,udana
15,90,170,2021-11-23 22:33:43,udana
12,91,170,2021-12-26 07:06:08,udana
15,91,170,2021-12-12 05:24:21,udana
12,92,150,2021-09-03 08:01:58,udana
15,92,150,2021-09-25 06:54:52,udana
12,93,150,2021-10-01 08:28:02,udana
15,93,150,2021-10-02 14:48:40,udana
12,94,150,2022-01-24 21:07:11,udana
15,94,150,2022-01-23 19:14:42,udana
12,95,150,2022-01-01 12:04:22,udana
15,95,150,2022-01-18 04:48:04,udana
12,96,150,2021-11-13 11:08:17,udana
15,96,150,2021-11-10 21:13:56,udana
12,97,150,2021-12-08 02:51:26,udana
15,97,150,2021-11-25 20:13:21,udana
12,98,150,2021-12-13 09:47:53,udana
15,98,150,2021-12-26 13:18:48,udana
12,99,185,2021-09-25 15:33:45,udana
15,99,185,2021-09-03 03:37:17,udana
12,100,185,2021-10-09 11:05:58,udana
15,100,185,2021-10-02 06:31:13,udana
12,101,185,2022-01-14 19:06:55,udana
15,101,185,2022-01-26 19:16:52,udana
12,102,185,2022-01-12 07:19:23,udana
15,102,185,2021-12-28 19:49:20,udana
12,103,185,2021-11-09 05:20:40,udana
15,103,185,2021-10-26 11:30:41,udana
12,104,185,2021-12-04 02:29:12,udana
15,104,185,2021-11-18 13:05:01,udana
12,105,185,2021-12-20 09:42:25,udana
15,105,185,2022-01-04 18:12:51,udana
12,106,170,2022-02-20 21:39:04,udana
15,106,170,2022-02-07 10:06:46,udana
12,107,170,2022-02-18 11:56:45,udana
15,107,170,2022-03-01 12:58:49,udana
12,108,170,2022-03-14 23:08:56,udana
15,108,170,2022-03-05 00:55:13,udana
12,109,170,2022-03-13 20:37:42,udana
15,109,170,2022-03-30 15:10:53,udana
12,110,170,2022-05-23 06:02:32,udana
15,110,170,2022-05-03 06:56:05,udana
12,111,170,2022-06-03 15:56:57,udana
15,111,170,2022-05-13 14:25:23,udana
12,112,170,2022-05-26 17:47:42,udana
15,112,170,2022-06-08 00:52:44,udana
12,113,195,2022-02-04 09:04:28,udana
15,113,195,2022-02-16 05:02:06,udana
12,114,195,2022-02-20 00:32:49,udana
15,114,195,2022-03-05 21:47:15,udana
12,115,195,2022-03-19 12:59:19,udana
15,115,195,2022-03-06 13:28:58,udana
12,116,195,2022-03-27 02:04:46,udana
15,116,195,2022-03-27 01:41:58,udana
12,117,195,2022-05-04 01:06:49,udana
15,117,195,2022-05-15 00:49:41,udana
12,118,195,2022-05-26 23:56:40,udana
15,118,195,2022-05-23 04:12:56,udana
12,119,195,2022-06-10 11:43:28,udana
15,119,195,2022-06-16 12:57:33,udana
12,120,55,2022-02-09 13:14:11,udana
15,120,55,2022-02-05 03:35:09,udana
12,121,55,2022-03-10 05:13:17,udana
15,121,55,2022-02-15 22:33:49,udana
12,122,55,2022-03-23 16:20:58,udana
15,122,55,2022-03-25 08:51:42,udana
12,123,55,2022-03-19 19:02:50,udana
15,123,55,2022-03-16 20:38:53,udana
12,124,55,2022-05-24 00:47:39,udana
15,124,55,2022-05-09 11:53:14,udana
12,125,55,2022-05-17 00:47:21,udana
15,125,55,2022-05-12 06:36:05,udana
12,126,55,2022-06-20 03:48:44,udana
15,126,55,2022-05-26 20:13:05,udana
12,127,140,2022-02-04 13:15:41,udana
15,127,140,2022-02-27 11:57:08,udana
12,128,140,2022-02-23 21:06:09,udana
15,128,140,2022-02-20 12:55:08,udana
12,129,140,2022-03-16 10:00:25,udana
15,129,140,2022-03-28 10:17:30,udana
12,130,140,2022-03-28 04:38:48,udana
15,130,140,2022-04-05 01:07:16,udana
12,131,140,2022-05-21 16:05:51,udana
15,131,140,2022-04-26 09:10:42,udana
12,132,140,2022-05-29 07:57:25,udana
15,132,140,2022-06-04 22:27:21,udana
12,133,140,2022-06-06 10:35:59,udana
15,133,140,2022-05-30 12:02:56,udana
12,134,55,2022-02-14 22:58:50,udana
15,134,55,2022-02-10 12:37:49,udana
12,135,55,2022-02-23 19:25:07,udana
15,135,55,2022-02-16 22:02:17,udana
12,136,55,2022-03-25 00:06:31,udana
15,136,55,2022-03-27 16:14:33,udana
12,137,55,2022-03-15 15:20:47,udana
15,137,55,2022-03-23 12:23:35,udana
12,138,55,2022-04-29 00:06:49,udana
15,138,55,2022-05-11 10:02:41,udana
12,139,55,2022-05-31 15:15:45,udana
15,139,55,2022-06-03 17:56:47,udana
12,140,55,2022-06-15 07:57:54,udana
15,140,55,2022-06-01 09:31:59,udana
12,141,75,2022-10-02 19:22:52,udana
15,141,75,2022-09-17 23:19:23,udana
12,142,75,2022-10-06 12:22:20,udana
15,142,75,2022-10-04 02:22:39,udana
12,143,75,2023-02-02 07:45:16,udana
15,143,75,2023-01-13 02:52:03,udana
12,144,75,2023-01-11 05:23:55,udana
15,144,75,2023-01-03 23:51:07,udana
12,145,75,2022-11-20 20:21:16,udana
15,145,75,2022-11-08 08:02:33,udana
12,146,75,2022-12-07 10:21:40,udana
15,146,75,2022-11-26 08:23:49,udana
12,147,75,2023-01-09 09:52:09,udana
15,147,75,2022-12-22 08:14:58,udana
12,148,150,2022-09-14 09:12:32,udana
15,148,150,2022-09-12 21:13:14,udana
12,149,150,2022-10-06 19:59:08,udana
15,149,150,2022-09-25 18:31:13,udana
12,150,150,2023-01-28 05:13:59,udana
15,150,150,2023-01-20 09:10:47,udana
12,151,150,2023-01-24 11:19:42,udana
15,151,150,2023-01-15 15:57:55,udana
12,152,150,2022-11-26 06:24:46,udana
15,152,150,2022-11-19 03:42:35,udana
12,153,150,2022-11-24 21:21:10,udana
15,153,150,2022-12-08 18:02:26,udana
12,154,150,2022-12-29 12:18:00,udana
15,154,150,2022-12-14 03:53:26,udana
12,155,180,2022-09-14 20:35:00,udana
15,155,180,2022-09-14 14:05:43,udana
12,156,180,2022-10-03 04:02:22,udana
15,156,180,2022-10-14 04:34:03,udana
12,157,180,2023-01-25 09:01:03,udana
15,157,180,2023-01-19 23:04:33,udana
12,158,180,2023-01-12 12:19:56,udana
15,158,180,2023-01-03 13:40:19,udana
12,159,180,2022-11-11 04:56:29,udana
15,159,180,2022-11-20 21:11:01,udana
12,160,180,2022-11-29 05:21:36,udana
15,160,180,2022-11-23 15:37:13,udana
12,161,180,2022-12-23 23:12:04,udana
15,161,180,2022-12-19 17:29:54,udana
12,162,140,2022-09-22 21:15:29,udana
15,162,140,2022-09-18 18:49:21,udana
12,163,140,2022-09-21 18:06:37,udana
15,163,140,2022-10-05 21:34:54,udana
12,164,140,2023-01-31 04:22:21,udana
15,164,140,2023-01-15 10:01:52,udana
12,165,140,2023-01-05 07:59:57,udana
15,165,140,2023-01-14 11:30:05,udana
12,166,140,2022-11-26 23:02:52,udana
15,166,140,2022-11-10 16:56:04,udana
12,167,140,2022-11-20 23:42:43,udana
15,167,140,2022-11-23 09:39:13,udana
12,168,140,2023-01-03 00:26:10,udana
15,168,140,2023-01-08 15:00:20,udana
12,169,55,2022-09-18 15:13:22,udana
15,169,55,2022-09-17 14:47:02,udana
12,170,55,2022-10-03 10:15:22,udana
15,170,55,2022-09-22 23:12:39,udana
12,171,55,2023-01-23 14:02:55,udana
15,171,55,2023-02-02 14:11:10,udana
12,172,55,2023-01-12 02:01:19,udana
15,172,55,2023-01-11 08:54:06,udana
12,173,55,2022-12-01 00:11:21,udana
15,173,55,2022-11-12 01:09:08,udana
12,174,55,2022-11-30 16:27:22,udana
15,174,55,2022-12-03 23:43:47,udana
12,175,55,2023-01-05 23:51:18,udana
15,175,55,2022-12-31 16:29:21,udana
12,176,115,2023-02-27 11:21:02,udana
15,176,115,2023-02-27 11:19:54,udana
12,177,115,2023-03-11 19:46:04,udana
15,177,115,2023-03-11 09:19:13,udana
12,178,115,2023-03-07 20:21:01,udana
15,178,115,2023-03-21 10:06:15,udana
12,179,115,2023-04-18 09:27:51,udana
15,179,115,2023-03-28 00:31:31,udana
12,180,115,2023-05-10 05:32:51,udana
15,180,115,2023-05-20 19:26:21,udana
12,181,115,2023-04-03 23:04:53,udana
15,181,115,2023-04-20 14:55:27,udana
12,182,115,2023-06-18 17:06:44,udana
15,182,115,2023-06-21 06:08:34,udana
12,183,85,2023-03-04 04:45:58,udana
15,183,85,2023-03-01 17:23:06,udana
12,184,85,2023-03-16 18:30:51,udana
15,184,85,2023-02-26 22:37:20,udana
12,185,85,2023-03-30 04:58:12,udana
15,185,85,2023-03-23 17:55:31,udana
12,186,85,2023-04-01 13:39:02,udana
15,186,85,2023-03-29 07:25:13,udana
12,187,85,2023-05-13 17:24:00,udana
15,187,85,2023-05-03 13:33:29,udana
12,188,85,2023-04-24 09:47:54,udana
15,188,85,2023-04-15 05:13:45,udana
12,189,85,2023-06-16 16:12:36,udana
15,189,85,2023-06-27 06:22:31,udana
12,190,180,2023-02-24 00:50:31,udana
15,190,180,2023-02-10 10:49:37,udana
12,191,180,2023-03-03 05:31:06,udana
15,191,180,2023-03-17 10:09:15,udana
12,192,180,2023-03-14 12:52:56,udana
15,192,180,2023-04-02 07:55:02,udana
12,193,180,2023-03-28 09:03:59,udana
15,193,180,2023-04-07 18:28:02,udana
12,194,180,2023-05-10 08:16:59,udana
15,194,180,2023-05-24 15:07:11,udana
12,195,180,2023-04-08 10:38:54,udana
15,195,180,2023-04-21 14:56:23,udana
12,196,180,2023-06-10 12:59:28,udana
15,196,180,2023-05-31 16:19:00,udana
12,197,150,2023-02-14 17:24:22,udana
15,197,150,2023-03-04 14:30:23,udana
12,198,150,2023-03-15 19:27:15,udana
15,198,150,2023-03-20 10:40:12,udana
12,199,150,2023-03-18 11:47:41,udana
15,199,150,2023-03-28 08:32:31,udana
12,200,150,2023-03-23 12:28:39,udana
15,200,150,2023-04-15 07:34:43,udana
12,201,150,2023-05-27 07:06:47,udana
15,201,150,2023-05-19 19:52:39,udana
12,202,150,2023-04-19 04:34:51,udana
15,202,150,2023-04-06 20:57:23,udana
12,203,150,2023-06-05 20:37:20,udana
15,203,150,2023-06-17 03:45:07,udana
42,﻿204,85,2020-09-21 10:48:37,udana
45,﻿204,85,2020-09-06 18:02:50,udana
42,205,85,2020-09-16 03:41:59,udana
45,205,85,2020-09-22 12:13:30,udana
42,206,85,2020-10-03 01:31:33,udana
45,206,85,2020-10-13 02:47:55,udana
42,207,85,2021-01-05 05:46:53,udana
45,207,85,2021-01-12 05:17:32,udana
42,208,85,2020-10-26 11:03:13,udana
45,208,85,2020-11-23 20:43:51,udana
42,209,85,2020-12-02 04:40:18,udana
45,209,85,2020-11-30 14:29:58,udana
42,210,85,2020-12-06 17:52:09,udana
45,210,85,2021-01-01 01:04:10,udana
42,211,180,2020-09-05 13:05:02,udana
45,211,180,2020-09-14 00:32:31,udana
42,212,180,2020-09-22 22:01:23,udana
45,212,180,2020-09-20 12:37:55,udana
42,213,180,2020-10-15 16:24:07,udana
45,213,180,2020-10-11 11:50:54,udana
42,214,180,2020-12-27 17:29:41,udana
45,214,180,2021-01-12 19:40:59,udana
42,215,180,2020-11-06 13:46:59,udana
45,215,180,2020-11-04 03:58:46,udana
42,216,180,2020-11-24 05:15:51,udana
45,216,180,2020-12-04 18:37:57,udana
42,217,180,2020-12-27 11:29:03,udana
45,217,180,2020-12-10 19:24:12,udana
42,218,120,2020-09-05 10:01:37,udana
45,218,120,2020-09-14 03:39:13,udana
42,219,120,2020-09-19 15:54:39,udana
45,219,120,2020-10-10 00:57:24,udana
42,220,120,2020-09-30 01:06:47,udana
45,220,120,2020-09-28 12:24:25,udana
42,221,120,2021-01-01 10:55:39,udana
45,221,120,2020-12-29 07:53:54,udana
42,222,120,2020-10-30 14:06:37,udana
45,222,120,2020-10-30 19:33:22,udana
42,223,120,2020-11-14 17:24:27,udana
45,223,120,2020-11-17 12:30:44,udana
42,224,120,2020-12-13 11:20:11,udana
45,224,120,2020-12-08 01:29:40,udana
42,225,100,2020-09-10 14:26:03,udana
45,225,100,2020-09-09 09:00:18,udana
42,226,100,2020-10-02 17:15:32,udana
45,226,100,2020-10-10 02:03:15,udana
42,227,100,2020-10-05 20:00:16,udana
45,227,100,2020-10-08 01:14:27,udana
42,228,100,2021-01-06 22:23:41,udana
45,228,100,2020-12-30 19:24:16,udana
42,229,100,2020-11-07 10:37:14,udana
45,229,100,2020-11-11 15:26:00,udana
42,230,100,2020-11-23 01:40:29,udana
45,230,100,2020-11-10 13:34:23,udana
42,231,100,2020-12-21 20:44:31,udana
45,231,100,2020-12-23 12:13:48,udana
42,232,155,2020-09-25 01:58:57,udana
45,232,155,2020-09-14 22:11:27,udana
42,233,155,2020-10-04 13:06:19,udana
45,233,155,2020-10-02 13:19:09,udana
42,234,155,2020-10-09 18:04:56,udana
45,234,155,2020-10-01 23:50:46,udana
42,235,155,2021-01-05 22:01:46,udana
45,235,155,2021-01-10 16:13:05,udana
42,236,155,2020-11-23 07:53:24,udana
45,236,155,2020-11-10 21:48:19,udana
42,237,155,2020-11-14 13:04:47,udana
45,237,155,2020-11-28 11:00:08,udana
42,238,155,2020-12-23 04:00:31,udana
45,238,155,2020-12-21 19:49:54,udana
42,239,140,2021-02-17 13:00:33,udana
45,239,140,2021-02-20 09:20:52,udana
42,240,140,2021-02-24 18:22:39,udana
45,240,140,2021-02-21 15:06:01,udana
42,241,140,2021-03-15 13:31:30,udana
45,241,140,2021-03-02 11:51:31,udana
42,242,140,2021-03-24 05:49:43,udana
45,242,140,2021-04-11 17:35:07,udana
42,243,140,2021-04-27 03:59:22,udana
45,243,140,2021-04-29 19:09:48,udana
42,244,140,2021-06-01 10:23:27,udana
45,244,140,2021-05-27 06:42:55,udana
42,245,140,2021-05-29 21:36:15,udana
45,245,140,2021-06-20 03:04:20,udana
42,246,140,2021-01-31 17:45:08,udana
45,246,140,2021-02-17 17:30:38,udana
42,247,140,2021-02-23 03:07:43,udana
45,247,140,2021-02-26 12:46:27,udana
42,248,140,2021-03-12 11:31:35,udana
45,248,140,2021-03-22 04:32:06,udana
42,249,140,2021-04-03 23:28:32,udana
45,249,140,2021-04-09 01:24:36,udana
42,250,140,2021-04-30 22:01:00,udana
45,250,140,2021-05-18 06:28:28,udana
42,251,140,2021-05-13 12:41:54,udana
45,251,140,2021-05-15 05:25:47,udana
42,252,140,2021-06-08 20:41:58,udana
45,252,140,2021-06-21 14:47:02,udana
42,253,160,2021-02-16 12:42:32,udana
45,253,160,2021-02-25 10:45:26,udana
42,254,160,2021-02-26 22:10:39,udana
45,254,160,2021-02-16 10:13:37,udana
42,255,160,2021-03-06 11:50:23,udana
45,255,160,2021-03-03 23:03:25,udana
42,256,160,2021-04-08 00:26:42,udana
45,256,160,2021-04-11 12:20:00,udana
42,257,160,2021-04-28 11:32:13,udana
45,257,160,2021-05-10 08:46:56,udana
42,258,160,2021-06-07 03:16:06,udana
45,258,160,2021-05-25 23:03:26,udana
42,259,160,2021-06-17 20:47:15,udana
45,259,160,2021-06-22 18:20:48,udana
42,260,170,2021-02-16 04:39:51,udana
45,260,170,2021-02-13 10:50:09,udana
42,261,170,2021-02-22 17:51:05,udana
45,261,170,2021-02-17 08:37:14,udana
42,262,170,2021-03-17 12:57:18,udana
45,262,170,2021-03-12 22:36:20,udana
42,263,170,2021-04-12 01:20:48,udana
45,263,170,2021-04-12 07:47:02,udana
42,264,170,2021-05-25 03:41:54,udana
45,264,170,2021-05-17 20:40:48,udana
42,265,170,2021-05-16 04:04:45,udana
45,265,170,2021-06-05 06:56:29,udana
42,266,170,2021-06-22 20:58:29,udana
45,266,170,2021-06-06 03:11:01,udana
42,267,195,2021-02-26 21:40:09,udana
45,267,195,2021-02-18 11:19:09,udana
42,268,195,2021-02-24 21:19:46,udana
45,268,195,2021-02-28 21:18:11,udana
42,269,195,2021-03-09 01:55:40,udana
45,269,195,2021-03-09 00:26:50,udana
42,270,195,2021-03-16 23:34:39,udana
45,270,195,2021-04-10 06:47:59,udana
42,271,195,2021-05-14 05:28:41,udana
45,271,195,2021-05-26 08:04:11,udana
42,272,195,2021-05-29 08:35:15,udana
45,272,195,2021-05-29 14:26:15,udana
42,273,195,2021-06-18 11:44:38,udana
45,273,195,2021-06-14 10:32:33,udana
42,274,105,2021-09-07 02:48:03,udana
45,274,105,2021-09-20 00:53:41,udana
42,275,105,2021-09-14 05:56:58,udana
45,275,105,2021-10-06 13:23:55,udana
42,276,105,2022-01-29 22:57:03,udana
45,276,105,2022-01-24 04:08:30,udana
42,277,105,2021-12-26 10:56:16,udana
45,277,105,2022-01-07 14:18:46,udana
42,278,105,2021-10-31 01:34:39,udana
45,278,105,2021-11-22 21:37:47,udana
42,279,105,2021-11-17 11:03:50,udana
45,279,105,2021-11-14 18:46:21,udana
42,280,105,2021-12-09 12:22:53,udana
45,280,105,2022-01-02 22:06:00,udana
42,281,140,2021-09-23 01:58:36,udana
45,281,140,2021-09-25 05:36:05,udana
42,282,140,2021-10-08 05:21:17,udana
45,282,140,2021-10-07 02:08:47,udana
42,283,140,2022-01-09 16:57:11,udana
45,283,140,2022-01-09 06:40:18,udana
42,284,140,2021-12-29 16:56:33,udana
45,284,140,2021-12-27 04:33:41,udana
42,285,140,2021-11-03 12:05:28,udana
45,285,140,2021-11-06 14:13:17,udana
42,286,140,2021-12-07 01:28:23,udana
45,286,140,2021-11-19 13:45:55,udana
42,287,140,2021-12-22 08:15:29,udana
45,287,140,2021-12-26 07:03:40,udana
42,288,165,2021-09-09 06:36:19,udana
45,288,165,2021-09-12 02:32:22,udana
42,289,165,2021-09-27 04:12:17,udana
45,289,165,2021-09-29 01:40:22,udana
42,290,165,2022-01-24 10:36:58,udana
45,290,165,2022-01-05 20:52:03,udana
42,291,165,2021-12-30 09:00:50,udana
45,291,165,2021-12-22 13:45:12,udana
42,292,165,2021-11-18 01:54:41,udana
45,292,165,2021-11-11 19:27:42,udana
42,293,165,2021-11-09 08:52:42,udana
45,293,165,2021-12-06 16:52:28,udana
42,294,165,2021-12-27 03:17:55,udana
45,294,165,2021-12-19 12:02:28,udana
42,295,100,2021-09-17 00:02:53,udana
45,295,100,2021-09-08 19:12:13,udana
42,296,100,2021-10-06 05:49:02,udana
45,296,100,2021-10-03 17:19:15,udana
42,297,100,2022-01-14 14:33:16,udana
45,297,100,2022-01-14 15:39:56,udana
42,298,100,2022-01-07 07:46:19,udana
45,298,100,2021-12-30 17:39:15,udana
42,299,100,2021-11-07 07:40:26,udana
45,299,100,2021-11-01 08:28:36,udana
42,300,100,2021-11-29 00:47:23,udana
45,300,100,2021-11-09 23:57:15,udana
42,301,100,2021-12-11 19:07:18,udana
45,301,100,2021-12-08 16:27:40,udana
42,302,130,2021-09-06 03:13:20,udana
45,302,130,2021-09-11 05:30:38,udana
42,303,130,2021-09-19 06:38:15,udana
45,303,130,2021-10-11 01:23:14,udana
42,304,130,2022-02-01 14:39:49,udana
45,304,130,2022-01-28 04:17:05,udana
42,305,130,2022-01-01 11:16:40,udana
45,305,130,2022-01-01 19:05:49,udana
42,306,130,2021-10-27 15:12:23,udana
45,306,130,2021-10-30 12:54:23,udana
42,307,130,2021-11-25 17:32:17,udana
45,307,130,2021-11-21 20:37:32,udana
42,308,130,2021-12-28 22:44:19,udana
45,308,130,2021-12-26 15:46:32,udana
42,309,115,2022-02-11 12:57:24,udana
45,309,115,2022-02-09 04:41:37,udana
42,310,115,2022-03-13 04:21:24,udana
45,310,115,2022-03-14 05:28:38,udana
42,311,115,2022-03-25 16:08:51,udana
45,311,115,2022-03-09 00:58:25,udana
42,312,115,2022-04-09 02:20:01,udana
45,312,115,2022-03-14 18:10:56,udana
42,313,115,2022-05-03 03:00:37,udana
45,313,115,2022-05-19 03:30:49,udana
42,314,115,2022-06-04 03:32:53,udana
45,314,115,2022-05-22 09:10:21,udana
42,315,115,2022-06-01 15:57:57,udana
45,315,115,2022-05-28 17:09:48,udana
42,316,165,2022-02-08 18:22:18,udana
45,316,165,2022-02-22 15:17:59,udana
42,317,165,2022-02-25 12:07:41,udana
45,317,165,2022-03-10 14:23:33,udana
42,318,165,2022-03-29 14:28:11,udana
45,318,165,2022-03-04 11:03:27,udana
42,319,165,2022-03-27 04:55:55,udana
45,319,165,2022-03-28 20:54:46,udana
42,320,165,2022-05-07 12:46:30,udana
45,320,165,2022-05-06 02:03:58,udana
42,321,165,2022-05-28 06:27:53,udana
45,321,165,2022-05-09 16:42:08,udana
42,322,165,2022-06-07 18:40:03,udana
45,322,165,2022-06-17 03:22:49,udana
42,323,180,2022-03-02 09:33:39,udana
45,323,180,2022-02-12 11:18:07,udana
42,324,180,2022-02-23 09:04:55,udana
45,324,180,2022-03-08 03:26:14,udana
42,325,180,2022-03-09 04:19:58,udana
45,325,180,2022-03-26 01:12:13,udana
42,326,180,2022-03-24 11:41:33,udana
45,326,180,2022-03-17 08:11:44,udana
42,327,180,2022-04-29 22:26:04,udana
45,327,180,2022-05-06 17:01:55,udana
42,328,180,2022-05-28 19:46:29,udana
45,328,180,2022-05-23 18:12:51,udana
42,329,180,2022-06-09 13:39:31,udana
45,329,180,2022-06-11 12:47:07,udana
42,330,110,2022-02-12 06:29:32,udana
45,330,110,2022-02-17 09:43:43,udana
42,331,110,2022-02-15 04:24:14,udana
45,331,110,2022-03-11 04:15:47,udana
42,332,110,2022-03-08 00:22:58,udana
45,332,110,2022-03-03 05:30:08,udana
42,333,110,2022-03-21 11:40:53,udana
45,333,110,2022-03-28 15:17:52,udana
42,334,110,2022-05-13 06:32:27,udana
45,334,110,2022-05-20 21:56:26,udana
42,335,110,2022-06-07 16:29:36,udana
45,335,110,2022-05-11 08:33:21,udana
42,336,110,2022-06-21 01:19:32,udana
45,336,110,2022-06-10 16:04:21,udana
42,337,155,2022-02-26 19:08:53,udana
45,337,155,2022-02-22 01:11:39,udana
42,338,155,2022-02-24 05:46:55,udana
45,338,155,2022-03-08 00:08:42,udana
42,339,155,2022-03-08 14:33:22,udana
45,339,155,2022-03-15 13:51:24,udana
42,340,155,2022-03-29 02:35:01,udana
45,340,155,2022-04-04 01:52:15,udana
42,341,155,2022-05-10 00:01:36,udana
45,341,155,2022-05-16 22:58:32,udana
42,342,155,2022-06-02 23:35:40,udana
45,342,155,2022-05-15 03:44:59,udana
42,343,155,2022-06-04 09:40:58,udana
45,343,155,2022-06-19 18:43:59,udana
42,344,95,2022-09-29 21:52:05,udana
45,344,95,2022-09-30 08:48:44,udana
42,345,95,2022-10-03 09:05:00,udana
45,345,95,2022-10-02 16:01:35,udana
42,346,95,2023-01-25 03:07:34,udana
45,346,95,2023-01-29 12:53:23,udana
42,347,95,2023-01-09 01:13:05,udana
45,347,95,2023-01-14 10:21:04,udana
42,348,95,2022-11-08 20:05:31,udana
45,348,95,2022-11-08 06:16:12,udana
42,349,95,2022-12-01 00:15:28,udana
45,349,95,2022-11-16 00:12:39,udana
42,350,95,2022-12-30 19:08:29,udana
45,350,95,2022-12-28 19:24:55,udana
42,351,150,2022-09-27 18:42:28,udana
45,351,150,2022-09-27 13:34:19,udana
42,352,150,2022-10-01 14:19:43,udana
45,352,150,2022-09-27 15:04:14,udana
42,353,150,2023-01-24 15:20:40,udana
45,353,150,2023-01-18 15:58:49,udana
42,354,150,2023-01-02 14:43:38,udana
45,354,150,2023-01-08 15:10:56,udana
42,355,150,2022-11-23 02:21:26,udana
45,355,150,2022-11-27 23:53:57,udana
42,356,150,2022-12-10 11:37:13,udana
45,356,150,2022-11-30 19:51:03,udana
42,357,150,2022-12-20 16:37:00,udana
45,357,150,2022-12-15 08:31:39,udana
42,358,120,2022-09-10 13:45:50,udana
45,358,120,2022-09-17 17:54:44,udana
42,359,120,2022-10-05 23:53:00,udana
45,359,120,2022-09-29 13:16:51,udana
42,360,120,2023-01-19 22:31:34,udana
45,360,120,2023-01-18 07:22:01,udana
42,361,120,2023-01-01 13:34:44,udana
45,361,120,2023-01-11 01:41:36,udana
42,362,120,2022-11-07 23:00:25,udana
45,362,120,2022-11-04 03:14:04,udana
42,363,120,2022-12-06 07:40:51,udana
45,363,120,2022-12-06 18:37:21,udana
42,364,120,2022-12-13 07:09:27,udana
45,364,120,2022-12-17 15:25:29,udana
42,365,185,2022-09-20 17:29:53,udana
45,365,185,2022-09-26 13:20:52,udana
42,366,185,2022-10-03 20:32:42,udana
45,366,185,2022-09-24 08:03:15,udana
42,367,185,2023-01-22 06:01:35,udana
45,367,185,2023-01-14 07:22:20,udana
42,368,185,2023-01-12 19:56:12,udana
45,368,185,2023-01-20 13:25:18,udana
42,369,185,2022-11-25 02:58:08,udana
45,369,185,2022-11-24 07:33:10,udana
42,370,185,2022-11-25 17:08:44,udana
45,370,185,2022-11-23 17:37:00,udana
42,371,185,2022-12-27 04:18:52,udana
45,371,185,2022-12-21 15:58:32,udana
42,372,70,2022-09-24 06:16:20,udana
45,372,70,2022-09-12 00:55:41,udana
42,373,70,2022-09-30 12:00:03,udana
45,373,70,2022-10-18 10:58:57,udana
42,374,70,2023-01-23 16:56:48,udana
45,374,70,2023-01-25 01:38:45,udana
42,375,70,2023-01-01 10:05:41,udana
45,375,70,2023-01-04 21:30:28,udana
42,376,70,2022-11-18 16:11:37,udana
45,376,70,2022-11-09 04:29:30,udana
42,377,70,2022-12-04 18:36:00,udana
45,377,70,2022-11-18 21:49:21,udana
42,378,70,2022-12-25 02:12:45,udana
45,378,70,2022-12-14 15:28:18,udana
42,379,95,2023-02-12 09:07:56,udana
45,379,95,2023-02-20 11:58:46,udana
42,380,95,2023-02-25 09:13:18,udana
45,380,95,2023-03-14 14:10:37,udana
42,381,95,2023-03-11 11:22:29,udana
45,381,95,2023-03-25 00:24:30,udana
42,382,95,2023-03-31 09:48:05,udana
45,382,95,2023-03-26 12:32:28,udana
42,383,95,2023-05-19 07:30:20,udana
45,383,95,2023-05-18 00:37:09,udana
42,384,95,2023-04-20 06:02:26,udana
45,384,95,2023-04-02 12:13:59,udana
42,385,95,2023-06-09 18:30:23,udana
45,385,95,2023-06-04 05:00:08,udana
42,386,85,2023-03-02 06:10:43,udana
45,386,85,2023-02-23 04:51:30,udana
42,387,85,2023-03-18 00:35:07,udana
45,387,85,2023-03-09 03:39:44,udana
42,388,85,2023-03-21 07:27:24,udana
45,388,85,2023-03-19 15:49:32,udana
42,389,85,2023-03-21 09:32:58,udana
45,389,85,2023-04-09 01:35:39,udana
42,390,85,2023-05-26 18:22:20,udana
45,390,85,2023-05-22 03:14:50,udana
42,391,85,2023-04-27 06:14:56,udana
45,391,85,2023-05-02 06:50:42,udana
42,392,85,2023-06-13 21:31:45,udana
45,392,85,2023-06-22 10:41:06,udana
42,393,190,2023-03-01 18:01:39,udana
45,393,190,2023-03-02 13:31:20,udana
42,394,190,2023-02-22 15:59:59,udana
45,394,190,2023-03-03 02:59:35,udana
42,395,190,2023-04-03 05:36:40,udana
45,395,190,2023-03-26 14:06:14,udana
42,396,190,2023-03-29 22:57:00,udana
45,396,190,2023-04-04 11:11:10,udana
42,397,190,2023-05-04 00:48:30,udana
45,397,190,2023-05-25 14:57:01,udana
42,398,190,2023-04-06 13:55:42,udana
45,398,190,2023-04-12 03:29:35,udana
42,399,190,2023-06-18 12:15:59,udana
45,399,190,2023-06-15 19:48:01,udana
42,400,100,2023-09-10 01:14:13,udana
45,400,100,2023-09-26 03:23:48,udana
42,401,100,2023-10-14 13:37:10,udana
45,401,100,2023-09-20 20:53:53,udana
42,402,100,2024-02-02 07:15:55,udana
45,402,100,2024-01-09 05:47:10,udana
42,403,100,2024-01-12 05:53:16,udana
45,403,100,2024-01-08 21:27:12,udana
42,404,100,2023-11-09 17:20:34,udana
45,404,100,2023-11-09 13:19:48,udana
42,405,100,2024-01-09 15:31:40,udana
45,405,100,2024-01-28 02:06:57,udana
42,406,100,2023-12-17 03:41:29,udana
45,406,100,2023-12-16 16:27:13,udana
42,407,100,2023-10-03 13:28:01,udana
45,407,100,2023-09-19 14:30:36,udana
42,408,100,2023-10-02 14:16:49,udana
45,408,100,2023-10-04 16:54:08,udana
42,409,100,2024-01-29 04:52:09,udana
45,409,100,2024-01-15 16:21:23,udana
42,410,100,2024-01-24 11:51:49,udana
45,410,100,2023-12-31 00:20:53,udana
42,411,100,2023-11-02 15:08:21,udana
45,411,100,2023-11-06 16:40:53,udana
42,412,100,2024-01-05 02:36:46,udana
45,412,100,2024-01-04 16:34:59,udana
42,413,100,2023-12-18 14:45:07,udana
45,413,100,2023-12-12 11:04:46,udana
77,﻿617,130,2023-09-16 13:38:30,udana
79,﻿617,130,2023-09-06 07:05:45,udana
77,618,130,2023-09-27 17:59:54,udana
79,618,130,2023-10-16 01:59:33,udana
77,619,130,2023-10-17 06:12:12,udana
79,619,130,2023-10-30 01:42:54,udana
77,620,130,2023-11-09 15:50:39,udana
79,620,130,2023-11-07 04:49:45,udana
77,621,130,2023-11-19 03:48:41,udana
79,621,130,2023-11-27 07:54:03,udana
77,622,130,2023-12-17 05:27:20,udana
79,622,130,2023-12-11 11:10:27,udana
77,623,130,2023-12-19 00:11:27,udana
79,623,130,2024-01-07 22:19:03,udana
77,624,50,2023-09-13 16:28:56,udana
79,624,50,2023-09-24 17:19:11,udana
77,625,50,2023-09-21 08:24:29,udana
79,625,50,2023-10-13 06:57:57,udana
77,626,50,2023-10-26 07:07:55,udana
79,626,50,2023-10-26 13:28:02,udana
77,627,50,2023-11-18 21:24:49,udana
79,627,50,2023-11-11 09:15:34,udana
77,628,50,2023-12-02 07:32:19,udana
79,628,50,2023-11-13 05:28:52,udana
77,629,50,2023-12-14 06:21:25,udana
79,629,50,2023-12-18 00:42:44,udana
77,630,50,2024-01-11 17:55:49,udana
79,630,50,2023-12-21 14:50:53,udana
77,631,75,2023-09-20 09:11:11,udana
79,631,75,2023-09-27 20:22:19,udana
77,632,75,2023-09-23 23:28:21,udana
79,632,75,2023-10-07 06:15:29,udana
77,633,75,2023-10-26 04:34:00,udana
79,633,75,2023-10-18 20:06:00,udana
77,634,75,2023-10-24 20:57:14,udana
79,634,75,2023-11-09 04:37:54,udana
77,635,75,2023-11-26 09:30:10,udana
79,635,75,2023-11-28 09:35:58,udana
77,636,75,2023-12-05 23:01:49,udana
79,636,75,2023-12-27 21:18:05,udana
77,637,75,2023-12-25 11:43:15,udana
79,637,75,2023-12-23 23:41:13,udana
77,638,175,2023-09-29 10:47:27,udana
79,638,175,2023-09-29 20:36:53,udana
77,639,175,2023-10-02 12:15:26,udana
79,639,175,2023-09-30 20:20:21,udana
77,640,175,2023-10-20 17:55:36,udana
79,640,175,2023-10-24 11:16:19,udana
77,641,175,2023-11-12 21:08:51,udana
79,641,175,2023-11-10 23:07:05,udana
77,642,175,2023-11-24 14:32:37,udana
79,642,175,2023-11-10 13:06:35,udana
77,643,175,2023-12-29 21:33:45,udana
79,643,175,2023-12-23 20:35:37,udana
77,644,175,2024-01-05 08:52:48,udana
79,644,175,2024-01-15 18:16:45,udana
77,645,195,2023-09-11 05:48:58,udana
79,645,195,2023-09-17 13:14:43,udana
77,646,195,2023-10-09 20:33:58,udana
79,646,195,2023-10-08 20:02:48,udana
77,647,195,2023-10-19 09:51:30,udana
79,647,195,2023-10-15 23:54:20,udana
77,648,195,2023-10-25 14:36:40,udana
79,648,195,2023-11-03 06:54:24,udana
77,649,195,2023-11-21 18:36:14,udana
79,649,195,2023-11-11 13:28:24,udana
77,650,195,2023-12-13 01:40:48,udana
79,650,195,2023-12-26 15:40:16,udana
77,651,195,2024-01-01 20:40:17,udana
79,651,195,2024-01-10 09:53:12,udana
77,652,110,2024-02-08 18:02:41,udana
79,652,110,2024-01-29 01:10:09,udana
77,653,110,2024-03-06 03:23:47,udana
79,653,110,2024-02-17 08:43:21,udana
77,654,110,2024-03-14 14:19:06,udana
79,654,110,2024-03-15 14:43:48,udana
77,655,110,2024-03-31 00:02:55,udana
79,655,110,2024-03-20 06:27:52,udana
77,656,110,2024-04-03 15:33:35,udana
79,656,110,2024-04-21 11:49:05,udana
77,657,110,2024-04-21 19:21:49,udana
79,657,110,2024-04-26 07:43:31,udana
77,658,110,2024-05-21 11:51:57,udana
79,658,110,2024-05-11 15:55:08,udana
77,659,50,2024-02-13 13:01:55,udana
79,659,50,2024-02-23 07:39:12,udana
77,660,50,2024-02-21 17:19:04,udana
79,660,50,2024-03-08 18:52:01,udana
77,661,50,2024-03-12 16:42:35,udana
79,661,50,2024-03-09 22:33:06,udana
77,662,50,2024-03-26 00:19:05,udana
79,662,50,2024-04-05 12:07:31,udana
77,663,50,2024-03-24 17:48:41,udana
79,663,50,2024-04-20 01:13:01,udana
77,664,50,2024-05-06 12:41:24,udana
79,664,50,2024-05-04 20:13:06,udana
77,665,50,2024-05-21 21:39:49,udana
79,665,50,2024-05-24 18:50:37,udana
77,666,150,2024-02-02 15:39:04,udana
79,666,150,2024-02-07 23:26:55,udana
77,667,150,2024-02-28 17:50:49,udana
79,667,150,2024-02-25 23:31:34,udana
77,668,150,2024-03-25 20:52:41,udana
79,668,150,2024-03-12 12:53:58,udana
77,669,150,2024-03-28 11:36:31,udana
79,669,150,2024-04-07 23:14:58,udana
77,670,150,2024-03-30 01:39:42,udana
79,670,150,2024-04-21 15:02:31,udana
77,671,150,2024-04-29 21:13:42,udana
79,671,150,2024-05-07 17:34:57,udana
77,672,150,2024-05-02 13:33:09,udana
79,672,150,2024-05-22 19:13:36,udana
77,673,85,2024-02-20 16:27:36,udana
79,673,85,2024-02-22 20:04:33,udana
77,674,85,2024-03-10 01:47:17,udana
79,674,85,2024-02-18 09:52:52,udana
77,675,85,2024-03-19 01:03:32,udana
79,675,85,2024-03-26 13:05:45,udana
77,676,85,2024-03-14 17:14:13,udana
79,676,85,2024-03-11 22:28:21,udana
77,677,85,2024-03-28 09:58:50,udana
79,677,85,2024-04-19 00:55:44,udana
77,678,85,2024-05-08 08:36:42,udana
79,678,85,2024-04-16 01:04:39,udana
77,679,85,2024-04-30 07:49:40,udana
79,679,85,2024-05-03 03:10:07,udana
77,680,165,2024-02-27 12:10:37,udana
79,680,165,2024-02-09 21:44:04,udana
77,681,165,2024-02-19 04:56:02,udana
79,681,165,2024-03-10 07:07:15,udana
77,682,165,2024-03-13 20:59:34,udana
79,682,165,2024-03-07 10:39:04,udana
77,683,165,2024-03-28 23:07:39,udana
79,683,165,2024-03-14 03:47:31,udana
77,684,165,2024-04-11 21:02:52,udana
79,684,165,2024-04-03 10:35:52,udana
77,685,165,2024-04-10 14:06:50,udana
79,685,165,2024-04-23 08:24:18,udana
77,686,165,2024-05-05 22:47:15,udana
79,686,165,2024-05-26 13:45:22,udana
77,687,55,2024-09-29 09:18:30,udana
79,687,55,2024-09-06 17:59:45,udana
77,688,55,2024-09-25 23:55:59,udana
79,688,55,2024-10-03 17:10:44,udana
77,689,55,2024-10-07 08:08:58,udana
79,689,55,2024-10-19 17:19:58,udana
77,690,55,2024-11-06 01:55:14,udana
79,690,55,2024-10-15 04:08:58,udana
77,691,55,2024-11-13 18:25:46,udana
79,691,55,2024-11-19 21:06:30,udana
77,692,55,2024-11-19 01:37:25,udana
79,692,55,2024-11-04 08:00:18,udana
77,694,180,2024-09-23 18:29:44,udana
79,694,180,2024-09-13 02:21:20,udana
77,695,180,2024-10-14 03:36:16,udana
79,695,180,2024-09-17 20:31:52,udana
77,696,180,2024-10-23 17:12:54,udana
79,696,180,2024-10-13 13:29:41,udana
77,697,180,2024-11-11 12:49:22,udana
79,697,180,2024-10-29 06:08:37,udana
77,698,180,2024-11-18 19:32:20,udana
79,698,180,2024-11-02 12:06:17,udana
77,699,180,2024-11-24 11:40:52,udana
79,699,180,2024-11-12 04:44:17,udana
77,701,80,2024-09-22 10:30:04,udana
79,701,80,2024-09-12 03:58:21,udana
77,702,80,2024-09-28 12:32:59,udana
79,702,80,2024-09-25 03:37:29,udana
77,703,80,2024-10-15 05:55:03,udana
79,703,80,2024-10-12 04:50:43,udana
77,704,80,2024-10-24 18:42:08,udana
79,704,80,2024-10-20 09:26:50,udana
77,705,80,2024-11-24 22:17:52,udana
79,705,80,2024-11-19 13:02:20,udana
77,706,80,2024-11-22 12:54:41,udana
79,706,80,2024-11-22 21:28:34,udana
77,708,95,2024-09-19 00:38:25,udana
79,708,95,2024-09-22 22:53:41,udana
77,709,95,2024-10-07 21:17:46,udana
79,709,95,2024-09-20 08:58:00,udana
77,710,95,2024-10-07 04:17:26,udana
79,710,95,2024-10-15 06:19:44,udana
77,711,95,2024-11-12 13:32:00,udana
79,711,95,2024-10-15 18:26:21,udana
77,712,95,2024-11-21 12:11:53,udana
79,712,95,2024-10-30 08:01:46,udana
77,713,95,2024-11-21 09:33:35,udana
79,713,95,2024-11-30 12:21:19,udana
77,715,65,2024-09-04 21:33:32,udana
79,715,65,2024-09-19 09:59:07,udana
77,716,65,2024-10-16 13:06:26,udana
79,716,65,2024-09-23 00:16:40,udana
77,717,65,2024-10-24 01:15:07,udana
79,717,65,2024-10-18 23:08:41,udana
77,718,65,2024-10-23 03:34:52,udana
79,718,65,2024-10-24 00:21:31,udana
77,719,65,2024-11-12 15:44:59,udana
79,719,65,2024-11-17 00:47:37,udana
77,720,65,2024-11-16 18:14:22,udana
79,720,65,2024-11-08 22:48:13,udana
88,﻿827,180,2024-09-20 15:35:10,udana
94,﻿827,180,2024-09-01 13:22:45,udana
88,828,180,2024-09-30 12:49:19,udana
94,828,180,2024-10-13 01:46:31,udana
88,829,180,2024-10-15 07:05:05,udana
94,829,180,2024-10-13 12:03:11,udana
88,830,180,2024-10-30 14:10:53,udana
94,830,180,2024-10-21 01:03:02,udana
88,831,180,2024-11-19 00:55:13,udana
94,831,180,2024-11-13 04:03:59,udana
88,832,180,2024-12-01 13:59:54,udana
94,832,180,2024-12-14 04:51:26,udana
88,834,145,2024-09-12 19:14:59,udana
94,834,145,2024-09-05 06:50:30,udana
88,835,145,2024-09-27 12:36:13,udana
94,835,145,2024-09-24 00:13:28,udana
88,836,145,2024-09-30 09:01:26,udana
94,836,145,2024-10-14 08:39:53,udana
88,837,145,2024-10-24 14:19:48,udana
94,837,145,2024-10-25 13:33:17,udana
88,838,145,2024-11-09 00:51:38,udana
94,838,145,2024-12-04 01:43:04,udana
88,839,145,2024-12-13 11:06:32,udana
94,839,145,2024-12-03 13:08:08,udana
88,841,190,2024-09-22 15:38:21,udana
94,841,190,2024-09-19 10:10:28,udana
88,842,190,2024-09-22 01:57:43,udana
94,842,190,2024-09-22 13:09:17,udana
88,843,190,2024-09-23 23:55:29,udana
94,843,190,2024-10-03 23:48:14,udana
88,844,190,2024-10-31 23:39:34,udana
94,844,190,2024-11-16 08:36:41,udana
88,845,190,2024-11-25 15:49:53,udana
94,845,190,2024-11-07 20:06:01,udana
88,846,190,2024-12-01 09:47:14,udana
94,846,190,2024-12-01 03:16:13,udana
88,848,65,2024-09-13 00:23:41,udana
94,848,65,2024-09-13 21:04:16,udana
88,849,65,2024-09-19 10:48:16,udana
94,849,65,2024-09-30 20:29:37,udana
88,850,65,2024-09-29 15:09:56,udana
94,850,65,2024-10-08 13:13:48,udana
88,851,65,2024-11-06 03:41:40,udana
94,851,65,2024-10-30 08:08:26,udana
88,852,65,2024-11-11 16:47:53,udana
94,852,65,2024-11-25 00:37:03,udana
88,853,65,2024-11-29 00:12:47,udana
94,853,65,2024-11-25 09:25:23,udana
88,855,160,2024-09-28 02:23:19,udana
94,855,160,2024-10-01 20:47:56,udana
88,856,160,2024-10-05 13:26:14,udana
94,856,160,2024-09-18 22:32:43,udana
88,857,160,2024-10-17 21:21:46,udana
94,857,160,2024-10-03 11:04:28,udana
88,858,160,2024-11-11 23:49:54,udana
94,858,160,2024-11-13 05:29:05,udana
88,859,160,2024-11-19 09:07:51,udana
94,859,160,2024-11-13 17:48:26,udana
88,860,160,2024-12-18 12:46:01,udana
94,860,160,2024-11-24 23:33:50,udana
123,﻿1037,115,2024-09-02 01:20:33,udana
136,﻿1037,115,2024-09-06 19:25:48,udana
123,1038,115,2024-09-23 16:44:10,udana
136,1038,115,2024-10-10 02:28:52,udana
123,1039,115,2024-10-10 08:26:49,udana
136,1039,115,2024-10-21 07:51:45,udana
123,1040,115,2024-10-22 21:48:43,udana
136,1040,115,2024-10-24 23:50:26,udana
123,1041,115,2024-11-21 21:09:06,udana
136,1041,115,2024-11-24 01:13:33,udana
123,1042,115,2024-12-11 00:14:27,udana
136,1042,115,2024-12-06 03:14:16,udana
123,1044,135,2024-09-27 11:35:51,udana
136,1044,135,2024-09-15 21:47:44,udana
123,1045,135,2024-09-17 05:34:27,udana
136,1045,135,2024-09-23 00:48:28,udana
123,1046,135,2024-10-12 10:54:25,udana
136,1046,135,2024-10-04 03:46:26,udana
123,1047,135,2024-11-18 17:39:45,udana
136,1047,135,2024-10-28 15:09:24,udana
123,1048,135,2024-11-08 22:48:18,udana
136,1048,135,2024-11-10 15:02:22,udana
123,1049,135,2024-11-20 18:48:54,udana
136,1049,135,2024-12-07 00:29:10,udana
123,1051,200,2024-09-28 00:53:14,udana
136,1051,200,2024-09-15 05:03:45,udana
123,1052,200,2024-09-28 00:37:18,udana
136,1052,200,2024-09-26 12:33:00,udana
123,1053,200,2024-10-09 06:03:02,udana
136,1053,200,2024-09-25 13:17:04,udana
123,1054,200,2024-10-31 08:43:16,udana
136,1054,200,2024-11-09 02:07:42,udana
123,1055,200,2024-11-28 05:30:21,udana
136,1055,200,2024-11-12 20:21:04,udana
123,1056,200,2024-12-16 09:39:21,udana
136,1056,200,2024-11-19 16:38:26,udana
123,1058,195,2024-09-10 03:35:47,udana
136,1058,195,2024-10-03 00:53:54,udana
123,1059,195,2024-10-12 03:34:31,udana
136,1059,195,2024-09-21 01:02:36,udana
123,1060,195,2024-10-18 00:11:24,udana
136,1060,195,2024-09-25 01:47:01,udana
123,1061,195,2024-10-25 03:00:44,udana
136,1061,195,2024-11-05 15:06:06,udana
123,1062,195,2024-11-21 21:31:11,udana
136,1062,195,2024-11-22 19:39:57,udana
123,1063,195,2024-11-25 12:33:56,udana
136,1063,195,2024-11-20 15:27:41,udana
123,1065,135,2024-09-04 04:38:40,udana
136,1065,135,2024-09-22 15:29:07,udana
123,1066,135,2024-10-15 05:45:11,udana
136,1066,135,2024-10-05 12:55:40,udana
123,1067,135,2024-09-25 15:20:20,udana
136,1067,135,2024-10-13 16:25:23,udana
123,1068,135,2024-11-13 19:49:24,udana
136,1068,135,2024-11-01 04:09:58,udana
123,1069,135,2024-11-17 07:47:09,udana
136,1069,135,2024-11-06 11:42:22,udana
123,1070,135,2024-12-11 11:55:55,udana
136,1070,135,2024-12-10 12:56:58,udana
148,﻿1457,170,2023-09-17 17:57:10,udana
155,﻿1457,170,2023-09-25 04:06:44,udana
148,1458,170,2023-10-04 16:44:39,udana
155,1458,170,2023-09-29 15:53:11,udana
148,1459,170,2023-10-09 00:28:26,udana
155,1459,170,2023-10-03 15:57:15,udana
148,1460,170,2023-11-10 02:02:56,udana
155,1460,170,2023-11-10 02:21:17,udana
148,1461,170,2023-11-05 10:41:08,udana
155,1461,170,2023-11-07 05:16:35,udana
148,1462,170,2023-12-03 15:20:51,udana
155,1462,170,2023-12-23 13:52:07,udana
148,1463,170,2024-01-13 22:27:37,udana
155,1463,170,2024-01-05 20:39:41,udana
148,1464,175,2023-09-13 09:25:48,udana
155,1464,175,2023-09-24 22:16:45,udana
148,1465,175,2023-10-04 03:46:45,udana
155,1465,175,2023-10-17 02:50:25,udana
148,1466,175,2023-10-15 11:52:17,udana
155,1466,175,2023-10-26 09:32:13,udana
148,1467,175,2023-10-24 22:02:23,udana
155,1467,175,2023-11-14 17:51:37,udana
148,1468,175,2023-11-19 00:04:01,udana
155,1468,175,2023-11-08 16:04:12,udana
148,1469,175,2023-12-13 14:03:22,udana
155,1469,175,2023-12-16 17:47:14,udana
148,1470,175,2023-12-20 07:35:29,udana
155,1470,175,2023-12-19 10:54:46,udana
148,1471,95,2023-09-11 18:23:17,udana
155,1471,95,2023-09-22 05:27:39,udana
148,1472,95,2023-10-17 01:11:42,udana
155,1472,95,2023-10-01 13:48:02,udana
148,1473,95,2023-10-16 00:40:02,udana
155,1473,95,2023-10-29 17:54:34,udana
148,1474,95,2023-11-18 23:11:46,udana
155,1474,95,2023-11-02 03:10:05,udana
148,1475,95,2023-11-13 00:33:29,udana
155,1475,95,2023-11-10 02:15:21,udana
148,1476,95,2023-12-27 01:00:34,udana
155,1476,95,2023-12-15 14:15:24,udana
148,1477,95,2023-12-31 21:40:10,udana
155,1477,95,2023-12-28 11:29:03,udana
148,1478,90,2023-09-17 14:01:15,udana
155,1478,90,2023-09-18 11:04:48,udana
148,1479,90,2023-09-22 22:57:20,udana
155,1479,90,2023-10-13 00:31:24,udana
148,1480,90,2023-10-28 20:56:49,udana
155,1480,90,2023-10-25 09:09:50,udana
148,1481,90,2023-11-02 14:13:21,udana
155,1481,90,2023-11-06 17:14:17,udana
148,1482,90,2023-12-03 17:14:19,udana
155,1482,90,2023-11-08 22:07:11,udana
148,1483,90,2023-12-18 19:24:15,udana
155,1483,90,2023-12-18 11:14:13,udana
148,1484,90,2023-12-21 19:23:20,udana
155,1484,90,2023-12-28 01:07:26,udana
148,1485,130,2023-09-06 05:48:53,udana
155,1485,130,2023-09-13 01:03:02,udana
148,1486,130,2023-10-10 10:52:57,udana
155,1486,130,2023-10-01 09:39:03,udana
148,1487,130,2023-11-01 06:35:13,udana
155,1487,130,2023-10-12 12:33:05,udana
148,1488,130,2023-11-10 04:27:44,udana
155,1488,130,2023-11-12 06:33:59,udana
148,1489,130,2023-11-29 23:41:57,udana
155,1489,130,2023-11-28 18:25:55,udana
148,1490,130,2023-12-13 21:06:57,udana
155,1490,130,2023-12-30 17:57:59,udana
148,1491,130,2023-12-24 21:11:26,udana
155,1491,130,2024-01-13 07:56:52,udana
148,1492,175,2024-01-29 22:22:49,udana
155,1492,175,2024-02-05 13:46:46,udana
148,1493,175,2024-02-18 12:58:13,udana
155,1493,175,2024-02-26 03:15:55,udana
148,1494,175,2024-03-14 04:44:09,udana
155,1494,175,2024-03-21 14:29:16,udana
148,1495,175,2024-03-28 03:24:19,udana
155,1495,175,2024-03-11 20:57:35,udana
148,1496,175,2024-04-02 04:36:21,udana
155,1496,175,2024-04-12 11:23:07,udana
148,1497,175,2024-04-19 12:58:57,udana
155,1497,175,2024-04-14 04:52:30,udana
148,1498,175,2024-05-09 04:26:20,udana
155,1498,175,2024-05-20 14:55:23,udana
148,1499,140,2024-02-08 21:11:56,udana
155,1499,140,2024-01-31 08:35:42,udana
148,1500,140,2024-03-03 20:15:51,udana
155,1500,140,2024-02-12 01:47:07,udana
148,1501,140,2024-03-02 02:29:40,udana
155,1501,140,2024-02-26 08:15:21,udana
148,1502,140,2024-04-01 04:19:50,udana
155,1502,140,2024-03-17 08:04:50,udana
148,1503,140,2024-04-18 10:07:18,udana
155,1503,140,2024-04-23 01:39:10,udana
148,1504,140,2024-04-23 10:41:31,udana
155,1504,140,2024-04-17 19:17:39,udana
148,1505,140,2024-05-01 21:42:04,udana
155,1505,140,2024-05-17 22:55:41,udana
148,1506,55,2024-02-13 07:25:34,udana
155,1506,55,2024-02-09 13:34:25,udana
148,1507,55,2024-02-12 11:26:40,udana
155,1507,55,2024-02-20 21:29:34,udana
148,1508,55,2024-03-21 11:14:15,udana
155,1508,55,2024-03-17 01:47:45,udana
148,1509,55,2024-03-27 14:28:32,udana
155,1509,55,2024-04-06 04:10:30,udana
148,1510,55,2024-04-08 23:01:17,udana
155,1510,55,2024-04-03 18:12:47,udana
148,1511,55,2024-04-25 04:47:02,udana
155,1511,55,2024-05-07 22:07:41,udana
148,1512,55,2024-05-05 01:14:18,udana
155,1512,55,2024-05-26 01:39:34,udana
148,1513,165,2024-02-02 02:38:27,udana
155,1513,165,2024-02-18 00:15:01,udana
148,1514,165,2024-02-19 14:39:03,udana
155,1514,165,2024-03-09 23:57:06,udana
148,1515,165,2024-03-22 02:25:15,udana
155,1515,165,2024-03-23 20:02:38,udana
148,1516,165,2024-03-24 08:12:17,udana
155,1516,165,2024-04-03 13:56:22,udana
148,1517,165,2024-04-18 07:16:05,udana
155,1517,165,2024-04-03 17:38:38,udana
148,1518,165,2024-04-20 10:45:29,udana
155,1518,165,2024-04-30 21:51:07,udana
148,1519,165,2024-05-08 10:22:23,udana
155,1519,165,2024-05-17 21:27:36,udana
148,1520,145,2024-02-21 02:39:53,udana
155,1520,145,2024-02-27 04:10:01,udana
148,1521,145,2024-03-03 02:39:56,udana
155,1521,145,2024-02-15 17:51:09,udana
148,1522,145,2024-03-16 17:52:55,udana
155,1522,145,2024-03-08 07:06:55,udana
148,1523,145,2024-04-08 21:51:54,udana
155,1523,145,2024-03-21 13:34:04,udana
148,1524,145,2024-04-07 12:42:58,udana
155,1524,145,2024-03-28 01:32:32,udana
148,1525,145,2024-04-23 12:53:04,udana
155,1525,145,2024-05-06 07:52:04,udana
148,1526,145,2024-05-25 21:16:47,udana
155,1526,145,2024-05-29 00:34:45,udana
148,1527,115,2024-09-15 20:23:21,udana
155,1527,115,2024-09-25 02:54:06,udana
148,1528,115,2024-10-05 07:03:07,udana
155,1528,115,2024-09-21 19:24:40,udana
148,1529,115,2024-10-11 15:51:46,udana
155,1529,115,2024-10-03 03:44:21,udana
148,1530,115,2024-10-14 23:11:34,udana
155,1530,115,2024-10-29 11:00:02,udana
148,1531,115,2024-11-23 09:16:29,udana
155,1531,115,2024-11-05 20:53:36,udana
148,1532,115,2024-11-27 00:48:45,udana
155,1532,115,2024-11-29 19:39:51,udana
148,1534,75,2024-09-25 05:36:21,udana
155,1534,75,2024-09-17 09:36:02,udana
148,1535,75,2024-09-28 12:39:39,udana
155,1535,75,2024-10-03 21:00:28,udana
148,1536,75,2024-10-04 22:10:45,udana
155,1536,75,2024-10-08 01:45:14,udana
148,1537,75,2024-10-16 06:14:12,udana
155,1537,75,2024-11-06 00:04:03,udana
148,1538,75,2024-10-27 18:51:39,udana
155,1538,75,2024-11-15 08:32:11,udana
148,1539,75,2024-11-09 20:46:46,udana
155,1539,75,2024-11-06 20:56:07,udana
148,1541,55,2024-09-13 07:19:42,udana
155,1541,55,2024-09-27 16:07:01,udana
148,1542,55,2024-09-27 09:36:06,udana
155,1542,55,2024-10-13 08:00:53,udana
148,1543,55,2024-10-25 12:08:59,udana
155,1543,55,2024-10-08 22:40:16,udana
148,1544,55,2024-10-15 14:11:11,udana
155,1544,55,2024-11-03 14:33:45,udana
148,1545,55,2024-11-20 16:36:38,udana
155,1545,55,2024-11-11 18:06:09,udana
148,1546,55,2024-11-11 09:16:47,udana
155,1546,55,2024-12-01 09:52:34,udana
148,1548,175,2024-09-10 19:35:31,udana
155,1548,175,2024-09-16 19:37:34,udana
148,1549,175,2024-10-06 03:45:04,udana
155,1549,175,2024-10-16 12:04:51,udana
148,1550,175,2024-10-05 17:23:59,udana
155,1550,175,2024-10-22 21:02:07,udana
148,1551,175,2024-10-26 18:12:53,udana
155,1551,175,2024-11-03 11:34:09,udana
148,1552,175,2024-11-19 12:40:58,udana
155,1552,175,2024-11-22 04:39:18,udana
148,1553,175,2024-11-19 21:35:50,udana
155,1553,175,2024-11-09 01:33:04,udana
148,1555,190,2024-09-21 22:02:12,udana
155,1555,190,2024-09-11 12:48:08,udana
148,1556,190,2024-09-27 03:19:24,udana
155,1556,190,2024-09-22 10:54:59,udana
148,1557,190,2024-10-21 00:58:56,udana
155,1557,190,2024-10-10 01:35:06,udana
148,1558,190,2024-10-28 23:49:14,udana
155,1558,190,2024-10-25 20:55:33,udana
148,1559,190,2024-11-22 18:29:50,udana
155,1559,190,2024-11-26 22:22:16,udana
148,1560,190,2024-11-15 13:19:53,udana
155,1560,190,2024-11-29 19:47:11,udana
187,﻿1247,190,2024-09-24 03:43:08,udana
194,﻿1247,190,2024-09-15 16:39:48,udana
187,1248,190,2024-09-24 22:40:02,udana
194,1248,190,2024-09-26 11:54:32,udana
187,1249,190,2024-10-21 10:58:39,udana
194,1249,190,2024-10-21 12:39:39,udana
187,1250,190,2024-11-03 03:43:48,udana
194,1250,190,2024-11-17 15:27:37,udana
187,1251,190,2024-11-12 15:46:32,udana
194,1251,190,2024-11-12 00:54:50,udana
187,1252,190,2024-11-24 05:52:20,udana
194,1252,190,2024-12-03 23:27:39,udana
187,1254,85,2024-09-14 00:20:52,udana
194,1254,85,2024-09-16 12:25:17,udana
187,1255,85,2024-10-10 17:35:19,udana
194,1255,85,2024-09-19 05:33:26,udana
187,1256,85,2024-09-29 10:08:43,udana
194,1256,85,2024-10-12 23:10:01,udana
187,1257,85,2024-10-31 08:21:10,udana
194,1257,85,2024-11-01 19:07:09,udana
187,1258,85,2024-11-28 05:08:04,udana
194,1258,85,2024-11-06 00:11:38,udana
187,1259,85,2024-12-16 21:50:28,udana
194,1259,85,2024-12-15 06:25:29,udana
187,1261,90,2024-09-17 12:12:47,udana
194,1261,90,2024-09-24 09:44:40,udana
187,1262,90,2024-10-11 17:21:26,udana
194,1262,90,2024-10-01 10:44:54,udana
187,1263,90,2024-10-21 05:18:47,udana
194,1263,90,2024-10-04 13:47:01,udana
187,1264,90,2024-10-22 11:48:10,udana
194,1264,90,2024-11-04 22:00:45,udana
187,1265,90,2024-11-27 17:49:53,udana
194,1265,90,2024-11-17 21:50:17,udana
187,1266,90,2024-12-10 16:30:23,udana
194,1266,90,2024-12-07 14:07:43,udana
187,1268,85,2024-10-03 05:01:48,udana
194,1268,85,2024-09-10 16:26:09,udana
187,1269,85,2024-10-10 06:13:54,udana
194,1269,85,2024-09-18 20:49:19,udana
187,1270,85,2024-10-23 17:25:16,udana
194,1270,85,2024-09-27 01:49:27,udana
187,1271,85,2024-10-26 23:01:21,udana
194,1271,85,2024-11-12 05:11:53,udana
187,1272,85,2024-11-15 15:05:27,udana
194,1272,85,2024-11-11 05:46:30,udana
187,1273,85,2024-11-21 12:47:16,udana
194,1273,85,2024-11-19 21:43:59,udana
187,1275,125,2024-09-13 06:44:20,udana
194,1275,125,2024-09-25 06:40:30,udana
187,1276,125,2024-09-28 14:08:39,udana
194,1276,125,2024-09-29 06:33:51,udana
187,1277,125,2024-10-01 21:33:29,udana
194,1277,125,2024-10-03 09:46:15,udana
187,1278,125,2024-11-06 14:46:19,udana
194,1278,125,2024-11-20 14:02:56,udana
187,1279,125,2024-11-30 12:02:39,udana
194,1279,125,2024-11-30 19:34:29,udana
187,1280,125,2024-12-10 21:46:13,udana
194,1280,125,2024-11-29 15:25:11,udana
